----------------------------------------
--INSERT SCRIPTS FOR MENU_MASTER TABLE--
----------------------------------------
INSERT INTO Menu_Master(item_id, item_name, description, price, prep_time) VALUES (1, 'Tea/Filter Coffee', '100ml', 6.50, null);
INSERT INTO Menu_Master(item_id, item_name, description, price, prep_time) VALUES (2, 'Nescoffee(Classic)', '100ml', 7.00, null);
INSERT INTO Menu_Master(item_id, item_name, description, price, prep_time) VALUES (3, 'Lemon Juice / Kokam Juice', '200ml', 6.00, null);
INSERT INTO Menu_Master(item_id, item_name, description, price, prep_time) VALUES (4, 'Butter Milk', '200ml', 9.00, null);
INSERT INTO Menu_Master(item_id, item_name, description, price, prep_time) VALUES (5, 'Sweet Lassi', '200ml', 16.00, null);
INSERT INTO Menu_Master(item_id, item_name, description, price, prep_time) VALUES (6, 'WaterMelon Juice', '200ml', 20.00, null);
INSERT INTO Menu_Master(item_id, item_name, description, price, prep_time) VALUES (7, 'Sweet Lime Juice', '200ml', 20.00, null);
INSERT INTO Menu_Master(item_id, item_name, description, price, prep_time) VALUES (8, 'Pineapple Juice', '200ml', 20.00, null);
INSERT INTO Menu_Master(item_id, item_name, description, price, prep_time) VALUES (9, 'Chikku Milkshake', '200ml', 20.00, null);
INSERT INTO Menu_Master(item_id, item_name, description, price, prep_time) VALUES (10, 'Banana Milkshake', '200ml', 20.00, null);
INSERT INTO Menu_Master(item_id, item_name, description, price, prep_time) VALUES (11, 'Butter Scotch Milkshake', '200ml', 20.00, null);
INSERT INTO Menu_Master(item_id, item_name, description, price, prep_time) VALUES (12, 'Strawberry Milkshake', '200ml', 20.00, null);
INSERT INTO Menu_Master(item_id, item_name, description, price, prep_time) VALUES (13, 'Seasonal Fresh Fruit Milkshake', '200ml', 25.00, null);
INSERT INTO Menu_Master(item_id, item_name, description, price, prep_time) VALUES (14, 'Cold Coffee', '200ml', 20.00, null);
INSERT INTO Menu_Master(item_id, item_name, description, price, prep_time) VALUES (15, 'Bread Butter', '2 slice', 12.00, null);
INSERT INTO Menu_Master(item_id, item_name, description, price, prep_time) VALUES (16, 'Toast Butter', '2 slice', 12.00, null);
INSERT INTO Menu_Master(item_id, item_name, description, price, prep_time) VALUES (17, 'Bun Maska', null, 15.00, null);
INSERT INTO Menu_Master(item_id, item_name, description, price, prep_time) VALUES (18, 'Veg Sandwich', '2 slice', 14.00, null);
INSERT INTO Menu_Master(item_id, item_name, description, price, prep_time) VALUES (19, 'Veg Sandwich Grill', '2 slice', 20.00, null);
INSERT INTO Menu_Master(item_id, item_name, description, price, prep_time) VALUES (20, 'Cheese Sandwich', '2 slice', 15.00, null);
INSERT INTO Menu_Master(item_id, item_name, description, price, prep_time) VALUES (21, 'Cheese Sandwich Grill', '2 slice', 23.00, null);
INSERT INTO Menu_Master(item_id, item_name, description, price, prep_time) VALUES (22, 'Veg Cheese Sandwich', '2 slice', 20.00, null);
INSERT INTO Menu_Master(item_id, item_name, description, price, prep_time) VALUES (23, 'Veg Cheese Sandwich Grill', '2 slice', 28.00, null);
INSERT INTO Menu_Master(item_id, item_name, description, price, prep_time) VALUES (24, 'Omlet Sandwich', '2 slice', 13.00, null);
INSERT INTO Menu_Master(item_id, item_name, description, price, prep_time) VALUES (25, 'Omlet Cheese Sandwich', '2 slice', 20.00, null);
INSERT INTO Menu_Master(item_id, item_name, description, price, prep_time) VALUES (26, 'Double Omlet Grill Sandwich', '2 slice', 25.00, null);
INSERT INTO Menu_Master(item_id, item_name, description, price, prep_time) VALUES (27, 'Omlet Cheese Grill Sandwich', '2 slice', 32.00, null);
INSERT INTO Menu_Master(item_id, item_name, description, price, prep_time) VALUES (28, 'Spinach Sandwich', '2 slice', 15.00, null);
INSERT INTO Menu_Master(item_id, item_name, description, price, prep_time) VALUES (29, 'Coleslaw Sandwich', '2 slice', 15.00, null);
INSERT INTO Menu_Master(item_id, item_name, description, price, prep_time) VALUES (30, 'Veg Burger', null, 16.00, null);
INSERT INTO Menu_Master(item_id, item_name, description, price, prep_time) VALUES (31, 'Veg Roll', null, 16.00, null);
INSERT INTO Menu_Master(item_id, item_name, description, price, prep_time) VALUES (32, 'Maggi Noodles(with vegetables)', '1 plate', 20.00, null);
INSERT INTO Menu_Master(item_id, item_name, description, price, prep_time) VALUES (33, 'Cornflakes with Milk', '1 portion', 20.00, null);
INSERT INTO Menu_Master(item_id, item_name, description, price, prep_time) VALUES (34, 'Tomato Soup', '200ml', 16.00, null);
INSERT INTO Menu_Master(item_id, item_name, description, price, prep_time) VALUES (35, 'Veg Clear Soup', '200ml', 16.00, null);
INSERT INTO Menu_Master(item_id, item_name, description, price, prep_time) VALUES (36, 'Spinach Soup', '200ml', 16.00, null);
INSERT INTO Menu_Master(item_id, item_name, description, price, prep_time) VALUES (37, 'Lentil Soup', '200ml', 16.00, null);
INSERT INTO Menu_Master(item_id, item_name, description, price, prep_time) VALUES (38, 'Veg Manchow Soup', '200ml', 16.00, null);
INSERT INTO Menu_Master(item_id, item_name, description, price, prep_time) VALUES (39, 'Veg Hot and Sour Soup', '200ml', 16.00, null);
INSERT INTO Menu_Master(item_id, item_name, description, price, prep_time) VALUES (40, 'Sweet Corn Veg Soup', '200ml', 16.00, null);
INSERT INTO Menu_Master(item_id, item_name, description, price, prep_time) VALUES (41, 'American Corn Soup', '200ml', 16.00, null);
INSERT INTO Menu_Master(item_id, item_name, description, price, prep_time) VALUES (42, 'Cream of Veg Soup', '200ml', 16.00, null);
INSERT INTO Menu_Master(item_id, item_name, description, price, prep_time) VALUES (43, 'Lemon and Coriander Soup', '200ml', 16.00, null);
INSERT INTO Menu_Master(item_id, item_name, description, price, prep_time) VALUES (44, 'French Onion Soup', '200ml', 16.00, null);
INSERT INTO Menu_Master(item_id, item_name, description, price, prep_time) VALUES (45, 'Cream of Mushroom Soup', '200ml', 16.00, null);
INSERT INTO Menu_Master(item_id, item_name, description, price, prep_time) VALUES (46, 'Green Salad', '100gm', 16.00, null);
INSERT INTO Menu_Master(item_id, item_name, description, price, prep_time) VALUES (47, 'Macroni Salad', '100gm', 16.00, null);
INSERT INTO Menu_Master(item_id, item_name, description, price, prep_time) VALUES (48, 'Tossed Salad', '100gm', 16.00, null);
INSERT INTO Menu_Master(item_id, item_name, description, price, prep_time) VALUES (49, 'Sprouts Salad', '100gm', 16.00, null);
INSERT INTO Menu_Master(item_id, item_name, description, price, prep_time) VALUES (50, 'Ameriacn Corn Salad', '100gm', 16.00, null);
INSERT INTO Menu_Master(item_id, item_name, description, price, prep_time) VALUES (51, 'Mini Fruit Plate', '100gm', 16.00, null);
INSERT INTO Menu_Master(item_id, item_name, description, price, prep_time) VALUES (52, 'Fruit and Sprouts Plate', '100gm', 17.00, null);
INSERT INTO Menu_Master(item_id, item_name, description, price, prep_time) VALUES (53, 'Gulab Jamun', '1 plate', 14.00, null);
INSERT INTO Menu_Master(item_id, item_name, description, price, prep_time) VALUES (54, 'Paysam/Sabudana Kheer', '1 plate', 14.00, null);
INSERT INTO Menu_Master(item_id, item_name, description, price, prep_time) VALUES (55, 'Semiya Kheer/ Rice Kheer', '1 plate', 14.00, null);
INSERT INTO Menu_Master(item_id, item_name, description, price, prep_time) VALUES (56, 'Sheera', '1 plate', 14.00, null);
INSERT INTO Menu_Master(item_id, item_name, description, price, prep_time) VALUES (57, 'Doodhi Halwa', '1 plate', 14.00, null);
INSERT INTO Menu_Master(item_id, item_name, description, price, prep_time) VALUES (58, 'Gajar Halwa', '1 plate', 14.00, null);
INSERT INTO Menu_Master(item_id, item_name, description, price, prep_time) VALUES (59, 'Fruit salad', '1 plate', 14.00, null);
INSERT INTO Menu_Master(item_id, item_name, description, price, prep_time) VALUES (60, 'Bread Custard', '1 plate', 14.00, null);
INSERT INTO Menu_Master(item_id, item_name, description, price, prep_time) VALUES (61, 'Custard with Jelly', '1 plate', 14.00, null);
INSERT INTO Menu_Master(item_id, item_name, description, price, prep_time) VALUES (62, 'Potato Vada (2 pcs)', '120gm', 14.00, null);
INSERT INTO Menu_Master(item_id, item_name, description, price, prep_time) VALUES (63, 'Upma', '100gm', 14.00, null);
INSERT INTO Menu_Master(item_id, item_name, description, price, prep_time) VALUES (64, 'Poha', '100gm', 14.00, null);
INSERT INTO Menu_Master(item_id, item_name, description, price, prep_time) VALUES (65, 'Punjabi Samosa (2 pcs)', '150gm', 16.00, null);
INSERT INTO Menu_Master(item_id, item_name, description, price, prep_time) VALUES (66, 'Pattice (2 pcs)', '150gm', 16.00, null);
INSERT INTO Menu_Master(item_id, item_name, description, price, prep_time) VALUES (67, 'Veg Kachori (2 pcs)', '150gm', 16.00, null);
INSERT INTO Menu_Master(item_id, item_name, description, price, prep_time) VALUES (68, 'Sabudana Vada (2 pcs)', '120gm', 16.00, null);
INSERT INTO Menu_Master(item_id, item_name, description, price, prep_time) VALUES (69, 'Bhajia', '100gm', 16.00, null);
INSERT INTO Menu_Master(item_id, item_name, description, price, prep_time) VALUES (70, 'Medu Vada', '120gm', 18.00, null);
INSERT INTO Menu_Master(item_id, item_name, description, price, prep_time) VALUES (71, 'Steam Idli', '150gm', 14.00, null);
INSERT INTO Menu_Master(item_id, item_name, description, price, prep_time) VALUES (72, 'Misal', '150gm', 16.00, null);
INSERT INTO Menu_Master(item_id, item_name, description, price, prep_time) VALUES (73, 'Vada Pav (2)', '150gm', 16.00, null);
INSERT INTO Menu_Master(item_id, item_name, description, price, prep_time) VALUES (74, 'Veg Cutlet', '130gm', 16.00, null);
INSERT INTO Menu_Master(item_id, item_name, description, price, prep_time) VALUES (75, 'Veg Burger', '120gm', 16.00, null);
INSERT INTO Menu_Master(item_id, item_name, description, price, prep_time) VALUES (76, 'Veg Roll', '120gm', 16.00, null);
INSERT INTO Menu_Master(item_id, item_name, description, price, prep_time) VALUES (77, 'Bread Pakoda', '120gm', 16.00, null);
INSERT INTO Menu_Master(item_id, item_name, description, price, prep_time) VALUES (78, 'Dahi Vada', '150gm', 19.00, null);
INSERT INTO Menu_Master(item_id, item_name, description, price, prep_time) VALUES (79, 'Macroni', '120gm', 16.00, null);
INSERT INTO Menu_Master(item_id, item_name, description, price, prep_time) VALUES (80, 'Hakka Noodles', '120gm', 19.00, null);
INSERT INTO Menu_Master(item_id, item_name, description, price, prep_time) VALUES (81, 'Ragda Pattice', '120gm', 16.00, null);
INSERT INTO Menu_Master(item_id, item_name, description, price, prep_time) VALUES (82, 'Bhel Puri', '100gm', 16.00, null);
INSERT INTO Menu_Master(item_id, item_name, description, price, prep_time) VALUES (83, 'Sev Puri', '100gm', 16.00, null);
INSERT INTO Menu_Master(item_id, item_name, description, price, prep_time) VALUES (84, 'Dahi Batata Puri', '120gm', 18.00, null);
INSERT INTO Menu_Master(item_id, item_name, description, price, prep_time) VALUES (85, 'Samosa Chat', '120gm', 12.00, null);
INSERT INTO Menu_Master(item_id, item_name, description, price, prep_time) VALUES (86, 'Sada Dosa', '120gm', 16.00, null);
INSERT INTO Menu_Master(item_id, item_name, description, price, prep_time) VALUES (87, 'Uttappa', '120gm', 16.00, null);
INSERT INTO Menu_Master(item_id, item_name, description, price, prep_time) VALUES (88, 'Onion Uttappa/Tomato Uttapa', '150gm', 18.00, null);
INSERT INTO Menu_Master(item_id, item_name, description, price, prep_time) VALUES (89, 'Masala Uttappa', '150gm', 18.00, null);
INSERT INTO Menu_Master(item_id, item_name, description, price, prep_time) VALUES (90, 'Cheese Uttappa', '140gm', 20.00, null);
INSERT INTO Menu_Master(item_id, item_name, description, price, prep_time) VALUES (91, 'Masala Dosa', '180gm', 18.00, null);
INSERT INTO Menu_Master(item_id, item_name, description, price, prep_time) VALUES (92, 'Tomato Omlette', '180gm', 18.00, null);
INSERT INTO Menu_Master(item_id, item_name, description, price, prep_time) VALUES (93, 'Mysore Sada Dosa', '130gm', 18.00, null);
INSERT INTO Menu_Master(item_id, item_name, description, price, prep_time) VALUES (94, 'Mysore Masala Dosa', '190gm', 18.00, null);
INSERT INTO Menu_Master(item_id, item_name, description, price, prep_time) VALUES (95, 'Chinese Sada Dosa', '130gm', 18.00, null);
INSERT INTO Menu_Master(item_id, item_name, description, price, prep_time) VALUES (96, 'Chinese Masala Dosa', '150gm', 18.00, null);
INSERT INTO Menu_Master(item_id, item_name, description, price, prep_time) VALUES (97, 'Corn And Capsicum Masala Dosa', '150gm', 20.00, null);
INSERT INTO Menu_Master(item_id, item_name, description, price, prep_time) VALUES (98, 'Paneer Chilly Masala Dosa', '150gm', 20.00, null);
INSERT INTO Menu_Master(item_id, item_name, description, price, prep_time) VALUES (99, 'Egg Burgee Dosa', '150gm', 20.00, null);
INSERT INTO Menu_Master(item_id, item_name, description, price, prep_time) VALUES (100, 'Boiled Egg', null, 7.00, null);
INSERT INTO Menu_Master(item_id, item_name, description, price, prep_time) VALUES (101, 'Single Omlet', null, 10.00, null);
INSERT INTO Menu_Master(item_id, item_name, description, price, prep_time) VALUES (102, 'Double Omlet', null, 19.00, null);
INSERT INTO Menu_Master(item_id, item_name, description, price, prep_time) VALUES (103, 'Single Burgee', null, 12.00, null);
INSERT INTO Menu_Master(item_id, item_name, description, price, prep_time) VALUES (104, 'Double Burgee', null, 21.00, null);
INSERT INTO Menu_Master(item_id, item_name, description, price, prep_time) VALUES (105, 'Bhaji', '120gm', 14.00, null);
INSERT INTO Menu_Master(item_id, item_name, description, price, prep_time) VALUES (106, 'Special Bhaji(Lunch Bhaji)', '120gm', 19.00, null);
INSERT INTO Menu_Master(item_id, item_name, description, price, prep_time) VALUES (107, 'Dal Rice Papad', '225gm', 23.00, null);
INSERT INTO Menu_Master(item_id, item_name, description, price, prep_time) VALUES (108, 'Rasam Rice Papad', '225gm', 25.00, null);
INSERT INTO Menu_Master(item_id, item_name, description, price, prep_time) VALUES (109, 'Sambar Rice Papad', '225gm', 25.00, null);
INSERT INTO Menu_Master(item_id, item_name, description, price, prep_time) VALUES (110, 'Curd Rice Papad', '225gm', 25.00, null);
INSERT INTO Menu_Master(item_id, item_name, description, price, prep_time) VALUES (111, 'Chapati', '30gm', 2.50, null);
INSERT INTO Menu_Master(item_id, item_name, description, price, prep_time) VALUES (112, 'Roasted Papad', '1 pc', 2.50, null);
INSERT INTO Menu_Master(item_id, item_name, description, price, prep_time) VALUES (113, 'Curd', '80gm', 8.00, null);
INSERT INTO Menu_Master(item_id, item_name, description, price, prep_time) VALUES (114, 'Raita', null, 8.00, null);
INSERT INTO Menu_Master(item_id, item_name, description, price, prep_time) VALUES (115, 'Dal', '100gm', 10.00, null);
INSERT INTO Menu_Master(item_id, item_name, description, price, prep_time) VALUES (116, 'Veg Thali', '2 Subzi(Wet and Dry) - 100gm, 1 Dal/Pulse - 80gm, Curd/Raita - 50gm, 3 Chapati 30gm each, Rice - 80gm, Sweet, Pickle, Papad - 1 no', 39.00, null);
INSERT INTO Menu_Master(item_id, item_name, description, price, prep_time) VALUES (117, 'Mini Thali', '1 Subzi(Wet and Dry Any One Choice)', 33.00, null);
INSERT INTO Menu_Master(item_id, item_name, description, price, prep_time) VALUES (118, 'Veg Combo Meal', 'Rice/Egg Fried Rice/Egg Briyani - 225gm, 1 Portion Curry Dish/Curd/Raita - 100gm', 35.00, null);
INSERT INTO Menu_Master(item_id, item_name, description, price, prep_time) VALUES (119, 'Health Menu', 'Soup - 200ml, One Snacks, Salad/Fruits/Sprouts(any one) - 100gm', 35.00, null);
INSERT INTO Menu_Master(item_id, item_name, description, price, prep_time) VALUES (120, 'Non Veg Combo Meal', 'Rice/Egg Fried Rice/Egg Briyani - 225gm, 1 Portion Curry Dish/Curd/Raita - 100gm', 50.00, null);
INSERT INTO Menu_Master(item_id, item_name, description, price, prep_time) values (121, 'Mineral Water', 'MRP', 00.00, null);
INSERT INTO Menu_Master(item_id, item_name, description, price, prep_time) VALUES (122, 'Cold Drinks', 'MRP', 00.00, null);
INSERT INTO Menu_Master(item_id, item_name, description, price, prep_time) VALUES (123, 'Frooti', 'MRP', 00.00, null);
INSERT INTO Menu_Master(item_id, item_name, description, price, prep_time) VALUES (124, 'Tetrapack Juices', 'MRP', 00.00, null);
INSERT INTO Menu_Master(item_id, item_name, description, price, prep_time) VALUES (125, 'Tetrapack Shakes', 'MRP', 00.00, null);
INSERT INTO Menu_Master(item_id, item_name, description, price, prep_time) VALUES (126, 'Lays Wafers', 'MRP', 00.00, null);
INSERT INTO Menu_Master(item_id, item_name, description, price, prep_time) VALUES (127, 'Biscuits', 'MRP', 00.00, null);
INSERT INTO Menu_Master(item_id, item_name, description, price, prep_time) VALUES (128, 'Chocolates', 'MRP', 00.00, null);
INSERT INTO Menu_Master(item_id, item_name, description, price, prep_time) VALUES (129, 'Banana Chips', 'MRP', 00.00, null);
INSERT INTO Menu_Master(item_id, item_name, description, price, prep_time) VALUES (130, 'Potato Wafer', 'MRP', 00.00, null);
--INSERT INTO Menu_Master(item_id, item_name, description, price) VALUES (131, '@1', 'Packet(Pp)', 1.00);
INSERT INTO Menu_Master(item_id, item_name, description, price) VALUES (132, 'TEA', 'Packet(Pp)', 7.00);
INSERT INTO Menu_Master(item_id, item_name, description, price) VALUES (133, 'COFFEE', 'Packet(Pp)', 8.00);
INSERT INTO Menu_Master(item_id, item_name, description, price) VALUES (134, 'MILK', 'Packet(Pp)', 10.00);
INSERT INTO Menu_Master(item_id, item_name, description, price) VALUES (135, 'HORLCKS', 'Packet(Pp)', 12.00);
INSERT INTO Menu_Master(item_id, item_name, description, price) VALUES (136, 'BOOST', 'Packet(Pp)', 12.00);
INSERT INTO Menu_Master(item_id, item_name, description, price) VALUES (137, 'TANG', 'Packet(Pp)', 12.00);
INSERT INTO Menu_Master(item_id, item_name, description, price) VALUES (138, 'NIBOO PANI', 'Packet(Pp)', 10.00);
INSERT INTO Menu_Master(item_id, item_name, description, price) VALUES (139, 'CHAAS', 'Packet(Pp)', 9.00);
INSERT INTO Menu_Master(item_id, item_name, description, price) VALUES (140, 'LASSI', 'Packet(Pp)', 20.00);
INSERT INTO Menu_Master(item_id, item_name, description, price) VALUES (141, 'SOUPS', 'Packet(Pp)', 20.00);
INSERT INTO Menu_Master(item_id, item_name, description, price) VALUES (142, 'JUICES', 'Packet(Pp)', 0.00);
INSERT INTO Menu_Master(item_id, item_name, description, price) VALUES (143, 'MOCKTAILS', 'Packet(Pp)', 50.00);
INSERT INTO Menu_Master(item_id, item_name, description, price) VALUES (144, 'SMOOTHIES', 'Packet(Pp)', 35.00);
INSERT INTO Menu_Master(item_id, item_name, description, price) VALUES (145, 'CONFECTIONERY', 'Packet(Pp)', 1.00);
INSERT INTO Menu_Master(item_id, item_name, description, price) VALUES (146, 'ICE CREAM', 'Packet(Pp)', 1.00);
INSERT INTO Menu_Master(item_id, item_name, description, price) VALUES (147, 'SWEET', 'Packet(Pp)', 15.00);
INSERT INTO Menu_Master(item_id, item_name, description, price) VALUES (148, 'SOFT DRINK 200ML', 'Packet(Pp)', 12.00);
INSERT INTO Menu_Master(item_id, item_name, description, price) VALUES (149, 'EVENING SNACK', 'Packet(Pp)', 16.00);
INSERT INTO Menu_Master(item_id, item_name, description, price) VALUES (150, 'PARTY ORD', 'Packet(Pp)', 1.00);
INSERT INTO Menu_Master(item_id, item_name, description, price) VALUES (151, 'FRUIT CUSTARD', 'Packet(Pp)', 20.00);
INSERT INTO Menu_Master(item_id, item_name, description, price) VALUES (152, 'CARAMEL CUSTARD', 'Packet(Pp)', 20.00);
INSERT INTO Menu_Master(item_id, item_name, description, price) VALUES (153, 'GREENSALAD', 'Packet(Pp)', 15.00);
INSERT INTO Menu_Master(item_id, item_name, description, price) VALUES (154, 'MISAL PAV', 'Packet(Pp)', 18.00);
INSERT INTO Menu_Master(item_id, item_name, description, price) VALUES (155, 'USAL PAV', 'Packet(Pp)', 16.00);
INSERT INTO Menu_Master(item_id, item_name, description, price) VALUES (156, 'WADA USAL PAV', 'Packet(Pp)', 18.00);
INSERT INTO Menu_Master(item_id, item_name, description, price) VALUES (157, 'VEG PARATHA', 'Packet(Pp)', 20.00);
INSERT INTO Menu_Master(item_id, item_name, description, price) VALUES (158, 'NEER DOSA', 'Packet(Pp)', 20.00);
INSERT INTO Menu_Master(item_id, item_name, description, price) VALUES (159, 'SEZ SADA DOSA', 'Packet(Pp)', 18.00);
INSERT INTO Menu_Master(item_id, item_name, description, price) VALUES (160, 'SEZ MASALA DOSA', 'Packet(Pp)', 22.00);
INSERT INTO Menu_Master(item_id, item_name, description, price) VALUES (161, 'IDLI', 'Packet(Pp)', 15.00);
INSERT INTO Menu_Master(item_id, item_name, description, price) VALUES (162, 'MENDU VADA', 'Packet(Pp)', 16.00);
INSERT INTO Menu_Master(item_id, item_name, description, price) VALUES (163, 'SADA DOSA', 'Packet(Pp)', 16.00);
INSERT INTO Menu_Master(item_id, item_name, description, price) VALUES (164, 'ONION DOSA', 'Packet(Pp)', 18.00);
INSERT INTO Menu_Master(item_id, item_name, description, price) VALUES (165, 'BUTTER DOSA', 'Packet(Pp)', 20.00);
INSERT INTO Menu_Master(item_id, item_name, description, price) VALUES (166, 'MASALA DOSA', 'Packet(Pp)', 20.00);
INSERT INTO Menu_Master(item_id, item_name, description, price) VALUES (167, 'ONION MASLA DOSA', 'Packet(Pp)', 22.00);
INSERT INTO Menu_Master(item_id, item_name, description, price) VALUES (168, 'MYSORE SADA', 'Packet(Pp)', 20.00);
INSERT INTO Menu_Master(item_id, item_name, description, price) VALUES (169, 'MYSORE MASALA', 'Packet(Pp)', 22.00);
INSERT INTO Menu_Master(item_id, item_name, description, price) VALUES (170, 'PLAIN UTAPPAM', 'Packet(Pp)', 16.00);
INSERT INTO Menu_Master(item_id, item_name, description, price) VALUES (171, 'ONION UTHAPPAM', 'Packet(Pp)', 18.00);
INSERT INTO Menu_Master(item_id, item_name, description, price) VALUES (172, 'TOMATO UTHAPPAM', 'Packet(Pp)', 18.00);
INSERT INTO Menu_Master(item_id, item_name, description, price) VALUES (173, 'MASALA UPTHAPPAM', 'Packet(Pp)', 20.00);
INSERT INTO Menu_Master(item_id, item_name, description, price) VALUES (174, 'BOILED EGGS', 'Packet(Pp)', 14.00);
INSERT INTO Menu_Master(item_id, item_name, description, price) VALUES (175, 'MASALA OMLETTE', 'Packet(Pp)', 25.00);
INSERT INTO Menu_Master(item_id, item_name, description, price) VALUES (176, 'CHEEZE OMLETTE', 'Packet(Pp)', 35.00);
INSERT INTO Menu_Master(item_id, item_name, description, price) VALUES (177, 'EGG BURJI', 'Packet(Pp)', 35.00);
INSERT INTO Menu_Master(item_id, item_name, description, price) VALUES (178, 'SPANISH OMLETTE', 'Packet(Pp)', 35.00);
INSERT INTO Menu_Master(item_id, item_name, description, price) VALUES (179, 'FRENCH TOAST', 'Packet(Pp)', 28.00);
INSERT INTO Menu_Master(item_id, item_name, description, price) VALUES (180, 'EGG SINGLE FRY', 'Packet(Pp)', 20.00);
INSERT INTO Menu_Master(item_id, item_name, description, price) VALUES (181, 'EGG DOUBLE FRY', 'Packet(Pp)', 25.00);
INSERT INTO Menu_Master(item_id, item_name, description, price) VALUES (182, 'PLAIN MAGGI', 'Packet(Pp)', 20.00);
INSERT INTO Menu_Master(item_id, item_name, description, price) VALUES (183, 'VEG MAGGI', 'Packet(Pp)', 24.00);
INSERT INTO Menu_Master(item_id, item_name, description, price) VALUES (184, 'VEG FRANKIE', 'Packet(Pp)', 20.00);
INSERT INTO Menu_Master(item_id, item_name, description, price) VALUES (185, 'EGG FRANKIE', 'Packet(Pp)', 25.00);
INSERT INTO Menu_Master(item_id, item_name, description, price) VALUES (186, 'CHEESE FRANKIE', 'Packet(Pp)', 35.00);
INSERT INTO Menu_Master(item_id, item_name, description, price) VALUES (187, 'CHICKEN FRANKIE', 'Packet(Pp)', 35.00);
INSERT INTO Menu_Master(item_id, item_name, description, price) VALUES (188, 'EGG CHK FRANKIE', 'Packet(Pp)', 40.00);
INSERT INTO Menu_Master(item_id, item_name, description, price) VALUES (189, 'CHICKEN SHAWARMA', 'Packet(Pp)', 70.00);
INSERT INTO Menu_Master(item_id, item_name, description, price) VALUES (190, 'PANEER SHAWARMA', 'Packet(Pp)', 70.00);
INSERT INTO Menu_Master(item_id, item_name, description, price) VALUES (191, 'PCKLD MYSRE RICE', 'Packet(Pp)', 30.00);
INSERT INTO Menu_Master(item_id, item_name, description, price) VALUES (192, 'CURD RICE', 'Packet(Pp)', 25.00);
INSERT INTO Menu_Master(item_id, item_name, description, price) VALUES (193, 'LEMON RICE', 'Packet(Pp)', 35.00);
INSERT INTO Menu_Master(item_id, item_name, description, price) VALUES (194, 'POORI BHAJI', 'Packet(Pp)', 22.00);
INSERT INTO Menu_Master(item_id, item_name, description, price) VALUES (195, 'VADA PAV', 'Packet(Pp)', 10.00);
INSERT INTO Menu_Master(item_id, item_name, description, price) VALUES (196, 'UPMA', 'Packet(Pp)', 15.00);
INSERT INTO Menu_Master(item_id, item_name, description, price) VALUES (197, 'POHA', 'Packet(Pp)', 15.00);
INSERT INTO Menu_Master(item_id, item_name, description, price) VALUES (198, 'ALOO PARATHA', 'Packet(Pp)', 20.00);
INSERT INTO Menu_Master(item_id, item_name, description, price) VALUES (199, 'GOBI PARATHA', 'Packet(Pp)', 25.00);
INSERT INTO Menu_Master(item_id, item_name, description, price) VALUES (200, 'PANEER PARATHA', 'Packet(Pp)', 35.00);
INSERT INTO Menu_Master(item_id, item_name, description, price) VALUES (201, 'MULI PARATHA', 'Packet(Pp)', 25.00);
INSERT INTO Menu_Master(item_id, item_name, description, price) VALUES (202, 'ALU METHI PARATA', 'Packet(Pp)', 25.00);
INSERT INTO Menu_Master(item_id, item_name, description, price) VALUES (203, 'EGG BHURJI SGL', 'Packet(Pp)', 21.00);
INSERT INTO Menu_Master(item_id, item_name, description, price) VALUES (204, 'BREAD PULAV', 'Packet(Pp)', 20.00);
INSERT INTO Menu_Master(item_id, item_name, description, price) VALUES (205, 'PAV'  , 'Packet(Pp)', 3);
INSERT INTO Menu_Master(item_id, item_name, description, price) VALUES (206, 'SABUDANA WD', 'Packet(Pp)', 18.00);
INSERT INTO Menu_Master(item_id, item_name, description, price) VALUES (207, 'IDLI CHILI/SEZ', 'Packet(Pp)', 18.00);
INSERT INTO Menu_Master(item_id, item_name, description, price) VALUES (208, 'KOTHIMBIR WADA', 'Packet(Pp)', 22.00);
--INSERT INTO Menu_Master(item_id, item_name, description, price) VALUES (209, '79', 'Packet(Pp)', 0.00);
--INSERT INTO Menu_Master(item_id, item_name, description, price) VALUES (210, '80', 'Packet(Pp)', 0.00);
INSERT INTO Menu_Master(item_id, item_name, description, price) VALUES (211, 'EUROPEAN CLS 1', 'Packet(Pp)', 35.00);
INSERT INTO Menu_Master(item_id, item_name, description, price) VALUES (212, 'EUROPEAN CLS 2', 'Packet(Pp)', 45.00);
INSERT INTO Menu_Master(item_id, item_name, description, price) VALUES (213, 'OFFSIDE VEG B F', 'Packet(Pp)', 45.00);
INSERT INTO Menu_Master(item_id, item_name, description, price) VALUES (214, 'OFFSIDE NVEG B F', 'Packet(Pp)', 45.00);
INSERT INTO Menu_Master(item_id, item_name, description, price) VALUES (215, 'OFFSIDE EGG SPL', 'Packet(Pp)', 50.00);
INSERT INTO Menu_Master(item_id, item_name, description, price) VALUES (216, 'OFFSIDE HELTH NV', 'Packet(Pp)', 40.00);
INSERT INTO Menu_Master(item_id, item_name, description, price) VALUES (217, 'OFFSIDE HEALTH V', 'Packet(Pp)', 40.00);
INSERT INTO Menu_Master(item_id, item_name, description, price) VALUES (218, 'PANCAKES', 'Packet(Pp)', 45.00);
INSERT INTO Menu_Master(item_id, item_name, description, price) VALUES (219, 'ADD ON 1', 'Packet(Pp)', 15.00);
INSERT INTO Menu_Master(item_id, item_name, description, price) VALUES (220, 'ADD ON 2', 'Packet(Pp)', 25.00);
INSERT INTO Menu_Master(item_id, item_name, description, price) VALUES (221, 'ADD ON 3', 'Packet(Pp)', 30.00);
INSERT INTO Menu_Master(item_id, item_name, description, price) VALUES (222, 'OATS-MUESLI', 'Packet(Pp)', 10.00);
--INSERT INTO Menu_Master(item_id, item_name, description, price) VALUES (223, '93', 'Packet(Pp)', 0.00);
--INSERT INTO Menu_Master(item_id, item_name, description, price) VALUES (224, '94', 'Packet(Pp)', 0.00);
--INSERT INTO Menu_Master(item_id, item_name, description, price) VALUES (225, '95', 'Packet(Pp)', 0.00);
--INSERT INTO Menu_Master(item_id, item_name, description, price) VALUES (226, '96', 'Packet(Pp)', 0.00);
--INSERT INTO Menu_Master(item_id, item_name, description, price) VALUES (227, '97', 'Packet(Pp)', 0.00);
--INSERT INTO Menu_Master(item_id, item_name, description, price) VALUES (228, '98', 'Packet(Pp)', 0.00);
--INSERT INTO Menu_Master(item_id, item_name, description, price) VALUES (229, '99', 'Packet(Pp)', 0.00);
--INSERT INTO Menu_Master(item_id, item_name, description, price) VALUES (230, '100', 'Packet(Pp)', 0.00);
INSERT INTO Menu_Master(item_id, item_name, description, price) VALUES (231, 'VEG THALI', 'Packet(Pp)', 42.00);
INSERT INTO Menu_Master(item_id, item_name, description, price) VALUES (232, 'NON VEG THALI', 'Packet(Pp)', 55.00);
INSERT INTO Menu_Master(item_id, item_name, description, price) VALUES (233, 'VEG SPL THALI', 'Packet(Pp)', 55.00);
INSERT INTO Menu_Master(item_id, item_name, description, price) VALUES (234, 'NV SPECIAL THALI', 'Packet(Pp)', 75.00);
INSERT INTO Menu_Master(item_id, item_name, description, price) VALUES (235, 'DAL KHICHDI', 'Packet(Pp)', 35.00);
INSERT INTO Menu_Master(item_id, item_name, description, price) VALUES (236, 'DAL JEERA RICE', 'Packet(Pp)', 35.00);
INSERT INTO Menu_Master(item_id, item_name, description, price) VALUES (237, 'VEG COMBO', 'Packet(Pp)', 27.00);
INSERT INTO Menu_Master(item_id, item_name, description, price) VALUES (238, 'RAJMA CHAWAL', 'Packet(Pp)', 60.00);
INSERT INTO Menu_Master(item_id, item_name, description, price) VALUES (239, 'CHICKEN COMBO', 'Packet(Pp)', 45.00);
INSERT INTO Menu_Master(item_id, item_name, description, price) VALUES (240, 'EGG COMBO', 'Packet(Pp)', 40.00);
INSERT INTO Menu_Master(item_id, item_name, description, price) VALUES (241, 'HEALTH COMBO 1', 'Packet(Pp)', 40.00);
INSERT INTO Menu_Master(item_id, item_name, description, price) VALUES (242, 'HEALTH COMBO 2', 'Packet(Pp)', 60.00);
INSERT INTO Menu_Master(item_id, item_name, description, price) VALUES (243, 'SP VEG BIRYANI C', 'Packet(Pp)', 55.00);
INSERT INTO Menu_Master(item_id, item_name, description, price) VALUES (244, 'SP CHI BIRYANI C', 'Packet(Pp)', 75.00);
INSERT INTO Menu_Master(item_id, item_name, description, price) VALUES (245, 'SP VEG COMBO', 'Packet(Pp)', 45.00);
INSERT INTO Menu_Master(item_id, item_name, description, price) VALUES (246, 'SP CHI COMBO', 'Packet(Pp)', 50.00);
INSERT INTO Menu_Master(item_id, item_name, description, price) VALUES (247, 'CHI KHEEMA PAV', 'Packet(Pp)', 55.00);
--INSERT INTO Menu_Master(item_id, item_name, description, price) VALUES (248, '118', 'Packet(Pp)', 0.00);
--INSERT INTO Menu_Master(item_id, item_name, description, price) VALUES (249, '119', 'Packet(Pp)', 0.00);
--INSERT INTO Menu_Master(item_id, item_name, description, price) VALUES (250, '120', 'Packet(Pp)', 0.00);
INSERT INTO Menu_Master(item_id, item_name, description, price) VALUES (251, 'VEG KOHLAPURI', 'Packet(Pp)', 47.00);
INSERT INTO Menu_Master(item_id, item_name, description, price) VALUES (252, 'VEG KADHAI', 'Packet(Pp)', 47.00);
INSERT INTO Menu_Master(item_id, item_name, description, price) VALUES (253, 'VEG JAFFRANI', 'Packet(Pp)', 47.00);
INSERT INTO Menu_Master(item_id, item_name, description, price) VALUES (254, 'VEG JAIPURI', 'Packet(Pp)', 50.00);
INSERT INTO Menu_Master(item_id, item_name, description, price) VALUES (255, 'PANEER KADHAI', 'Packet(Pp)', 58.00);
INSERT INTO Menu_Master(item_id, item_name, description, price) VALUES (256, 'PALAK PANEER', 'Packet(Pp)', 58.00);
INSERT INTO Menu_Master(item_id, item_name, description, price) VALUES (257, 'PANEER ANGARA', 'Packet(Pp)', 58.00);
INSERT INTO Menu_Master(item_id, item_name, description, price) VALUES (258, 'PANEER PASANDA', 'Packet(Pp)', 60.00);
INSERT INTO Menu_Master(item_id, item_name, description, price) VALUES (259, 'NON VEG 1 CHI', 'Packet(Pp)', 75.00);
INSERT INTO Menu_Master(item_id, item_name, description, price) VALUES (260, 'NON VEG 2 CHI', 'Packet(Pp)', 75.00);
INSERT INTO Menu_Master(item_id, item_name, description, price) VALUES (261, 'NON VEG 3 FISH', 'Packet(Pp)', 90.00);
INSERT INTO Menu_Master(item_id, item_name, description, price) VALUES (262, 'NON VEG 4 MTN', 'Packet(Pp)', 90.00);
INSERT INTO Menu_Master(item_id, item_name, description, price) VALUES (263, 'DAL FRY', 'Packet(Pp)', 30.00);
INSERT INTO Menu_Master(item_id, item_name, description, price) VALUES (264, 'DAL TADKA', 'Packet(Pp)', 35.00);
INSERT INTO Menu_Master(item_id, item_name, description, price) VALUES (265, 'DAL MAKHANI', 'Packet(Pp)', 40.00);
INSERT INTO Menu_Master(item_id, item_name, description, price) VALUES (266, 'RICE', 'Packet(Pp)', 20.00);
INSERT INTO Menu_Master(item_id, item_name, description, price) VALUES (267, 'JEERA RICE', 'Packet(Pp)', 25.00);
INSERT INTO Menu_Master(item_id, item_name, description, price) VALUES (268, 'PULAV', 'Packet(Pp)', 40.00);
INSERT INTO Menu_Master(item_id, item_name, description, price) VALUES (269, 'BIRYANI', 'Packet(Pp)', 50.00);
INSERT INTO Menu_Master(item_id, item_name, description, price) VALUES (270, 'CHI BIRYANI', 'Packet(Pp)', 75.00);
INSERT INTO Menu_Master(item_id, item_name, description, price) VALUES (271, 'EGG BIRYANI', 'Packet(Pp)', 60.00);
INSERT INTO Menu_Master(item_id, item_name, description, price) VALUES (272, 'MUTTON BIRYANI', 'Packet(Pp)', 90.00);
INSERT INTO Menu_Master(item_id, item_name, description, price) VALUES (273, 'ROTI', 'Packet(Pp)', 5.00);
INSERT INTO Menu_Master(item_id, item_name, description, price) VALUES (274, 'PHULKA', 'Packet(Pp)', 5.00);
INSERT INTO Menu_Master(item_id, item_name, description, price) VALUES (275, 'PARATHA', 'Packet(Pp)', 6.00);
INSERT INTO Menu_Master(item_id, item_name, description, price) VALUES (276, 'ROASTED PAPAD', 'Packet(Pp)', 5.00);
INSERT INTO Menu_Master(item_id, item_name, description, price) VALUES (277, 'MASALA PADAD', 'Packet(Pp)', 10.00);
INSERT INTO Menu_Master(item_id, item_name, description, price) VALUES (278, 'RAITA VEG', 'Packet(Pp)', 15.00);
INSERT INTO Menu_Master(item_id, item_name, description, price) VALUES (279, 'RAITA BOONDI', 'Packet(Pp)', 15.00);
INSERT INTO Menu_Master(item_id, item_name, description, price) VALUES (280, 'CHAPATI', 'Packet(Pp)', 3.00);
INSERT INTO Menu_Master(item_id, item_name, description, price) VALUES (281, 'VEG GRAVY', 'Packet(Pp)', 20.00);
INSERT INTO Menu_Master(item_id, item_name, description, price) VALUES (282, 'CURD'  , 'Packet(Pp)', 8.00);
INSERT INTO Menu_Master(item_id, item_name, description, price) VALUES (283, 'CHI GRAVY', 'Packet(Pp)', 35.00);
INSERT INTO Menu_Master(item_id, item_name, description, price) VALUES (284, 'CHI KADAI', 'Packet(Pp)', 60.00);
INSERT INTO Menu_Master(item_id, item_name, description, price) VALUES (285, 'CHI HANDI', 'Packet(Pp)', 60.00);
INSERT INTO Menu_Master(item_id, item_name, description, price) VALUES (286, 'CHI KEEMA PV', 'Packet(Pp)', 55.00);
INSERT INTO Menu_Master(item_id, item_name, description, price) VALUES (287, 'SP VEG GRAVY', 'Packet(Pp)', 25.00);
--INSERT INTO Menu_Master(item_id, item_name, description, price) VALUES (288, '158', 'Packet(Pp)', 0.00);
--INSERT INTO Menu_Master(item_id, item_name, description, price) VALUES (289, '159', 'Packet(Pp)', 0.00);
--INSERT INTO Menu_Master(item_id, item_name, description, price) VALUES (290, '160', 'Packet(Pp)', 0.00);
INSERT INTO Menu_Master(item_id, item_name, description, price) VALUES (291, 'CRISPY VEGES', 'Packet(Pp)', 45.00);
INSERT INTO Menu_Master(item_id, item_name, description, price) VALUES (292, 'CRISPY CHICKEN', 'Packet(Pp)', 70.00);
INSERT INTO Menu_Master(item_id, item_name, description, price) VALUES (293, 'VEG MANCHURIAN', 'Packet(Pp)', 45.00);
INSERT INTO Menu_Master(item_id, item_name, description, price) VALUES (294, 'CHI MANCHURIAN', 'Packet(Pp)', 70.00);
INSERT INTO Menu_Master(item_id, item_name, description, price) VALUES (295, 'CSPY HNY CHL POT', 'Packet(Pp)', 50.00);
INSERT INTO Menu_Master(item_id, item_name, description, price) VALUES (296, 'CRISPY HONEY CHI', 'Packet(Pp)', 75.00);
INSERT INTO Menu_Master(item_id, item_name, description, price) VALUES (297, 'CHICKEN CHILLY', 'Packet(Pp)', 75.00);
INSERT INTO Menu_Master(item_id, item_name, description, price) VALUES (298, 'PANEER CHILLY', 'Packet(Pp)', 65.00);
INSERT INTO Menu_Master(item_id, item_name, description, price) VALUES (299, 'VEG NOODLES', 'Packet(Pp)', 40.00);
INSERT INTO Menu_Master(item_id, item_name, description, price) VALUES (300, 'VEG SCHEZ NODLES', 'Packet(Pp)', 45.00);
INSERT INTO Menu_Master(item_id, item_name, description, price) VALUES (301, 'CHI NOODLES', 'Packet(Pp)', 55.00);
INSERT INTO Menu_Master(item_id, item_name, description, price) VALUES (302, 'CHI SCHEZ NODLES', 'Packet(Pp)', 60.00);
INSERT INTO Menu_Master(item_id, item_name, description, price) VALUES (303, 'VEG FRIED RICE', 'Packet(Pp)', 40.00);
INSERT INTO Menu_Master(item_id, item_name, description, price) VALUES (304, 'V SCHZ FRID RICE', 'Packet(Pp)', 45.00);
INSERT INTO Menu_Master(item_id, item_name, description, price) VALUES (305, 'EGG HAKKA NODL', 'Packet(Pp)', 55.00);
INSERT INTO Menu_Master(item_id, item_name, description, price) VALUES (306, 'EGG FRIED RICE', 'Packet(Pp)', 55.00);
INSERT INTO Menu_Master(item_id, item_name, description, price) VALUES (307, 'CHI FRIED RICE', 'Packet(Pp)', 60.00);
INSERT INTO Menu_Master(item_id, item_name, description, price) VALUES (308, 'CHI SHZ FRI RICE', 'Packet(Pp)', 65.00);
INSERT INTO Menu_Master(item_id, item_name, description, price) VALUES (309, 'CHINESE BHEL', 'Packet(Pp)', 50.00);
INSERT INTO Menu_Master(item_id, item_name, description, price) VALUES (310, 'MANCHURIAN NODLE', 'Packet(Pp)', 50.00);
INSERT INTO Menu_Master(item_id, item_name, description, price) VALUES (311, 'MANCHURIAN RICE', 'Packet(Pp)', 50.00);
INSERT INTO Menu_Master(item_id, item_name, description, price) VALUES (312, 'MANCHU RICE NODL', 'Packet(Pp)', 70.00);
INSERT INTO Menu_Master(item_id, item_name, description, price) VALUES (313, 'VEG TRIPLE RICE', 'Packet(Pp)', 50.00);
INSERT INTO Menu_Master(item_id, item_name, description, price) VALUES (314, 'CHI TRIPLE RICE', 'Packet(Pp)', 65.00);
INSERT INTO Menu_Master(item_id, item_name, description, price) VALUES (315, 'EGG SEZ FRD RICE', 'Packet(Pp)', 60.00);
INSERT INTO Menu_Master(item_id, item_name, description, price) VALUES (316, 'EGG SEZ NOODLE', 'Packet(Pp)', 60.00);
INSERT INTO Menu_Master(item_id, item_name, description, price) VALUES (317, 'VEG CHILLI', 'Packet(Pp)', 50.00);
INSERT INTO Menu_Master(item_id, item_name, description, price) VALUES (318, 'VEG SEZ GRAVY', 'Packet(Pp)', 45.00);
INSERT INTO Menu_Master(item_id, item_name, description, price) VALUES (319, 'CHI SEZ GRAVY', 'Packet(Pp)', 70.00);
--INSERT INTO Menu_Master(item_id, item_name, description, price) VALUES (320, '190', 'Packet(Pp)', 0.00);
--INSERT INTO Menu_Master(item_id, item_name, description, price) VALUES (321, '191', 'Packet(Pp)', 0.00);
--INSERT INTO Menu_Master(item_id, item_name, description, price) VALUES (322, '192', 'Packet(Pp)', 0.00);
--INSERT INTO Menu_Master(item_id, item_name, description, price) VALUES (323, '193', 'Packet(Pp)', 0.00);
--INSERT INTO Menu_Master(item_id, item_name, description, price) VALUES (324, '194', 'Packet(Pp)', 0.00);
--INSERT INTO Menu_Master(item_id, item_name, description, price) VALUES (325, '195', 'Packet(Pp)', 0.00);
--INSERT INTO Menu_Master(item_id, item_name, description, price) VALUES (326, '196', 'Packet(Pp)', 0.00);
--INSERT INTO Menu_Master(item_id, item_name, description, price) VALUES (327, '197', 'Packet(Pp)', 0.00);
--INSERT INTO Menu_Master(item_id, item_name, description, price) VALUES (328, '198', 'Packet(Pp)', 0.00);
--INSERT INTO Menu_Master(item_id, item_name, description, price) VALUES (329, '199', 'Packet(Pp)', 0.00);
--INSERT INTO Menu_Master(item_id, item_name, description, price) VALUES (330, '200', 'Packet(Pp)', 0.00);
INSERT INTO Menu_Master(item_id, item_name, description, price) VALUES (331, 'PASTA ARABIATA V', 'Packet(Pp)', 75.00);
INSERT INTO Menu_Master(item_id, item_name, description, price) VALUES (332, 'PASTA ARABITA NV', 'Packet(Pp)', 90.00);
INSERT INTO Menu_Master(item_id, item_name, description, price) VALUES (333, 'PASTA ALFREDO V', 'Packet(Pp)', 75.00);
INSERT INTO Menu_Master(item_id, item_name, description, price) VALUES (334, 'PASTA ALFREDO NV', 'Packet(Pp)', 90.00);
INSERT INTO Menu_Master(item_id, item_name, description, price) VALUES (335, 'PASTA FLORENTI V', 'Packet(Pp)', 75.00);
INSERT INTO Menu_Master(item_id, item_name, description, price) VALUES (336, 'PASTA FLORENT NV', 'Packet(Pp)', 90.00);
INSERT INTO Menu_Master(item_id, item_name, description, price) VALUES (337, 'PASTA MIX SAU V', 'Packet(Pp)', 75.00);
INSERT INTO Menu_Master(item_id, item_name, description, price) VALUES (338, 'PASTA MIX SAU NV', 'Packet(Pp)', 90.00);
--INSERT INTO Menu_Master(item_id, item_name, description, price) VALUES (339, '209', 'Packet(Pp)', 0.00);
--INSERT INTO Menu_Master(item_id, item_name, description, price) VALUES (340, '210', 'Packet(Pp)', 0.00);
INSERT INTO Menu_Master(item_id, item_name, description, price) VALUES (341, 'PIZZA CLS VEG 6', 'Packet(Pp)', 75.00);
INSERT INTO Menu_Master(item_id, item_name, description, price) VALUES (342, 'PIZZA CLS VEG 8', 'Packet(Pp)', 90.00);
INSERT INTO Menu_Master(item_id, item_name, description, price) VALUES (343, 'PIZZA CLS VG 10', 'Packet(Pp)', 175.00);
INSERT INTO Menu_Master(item_id, item_name, description, price) VALUES (344, 'PIZZA MRGHRITA 6', 'Packet(Pp)', 75.00);
INSERT INTO Menu_Master(item_id, item_name, description, price) VALUES (345, 'PIZZA MRGHRITA 8', 'Packet(Pp)', 90.00);
INSERT INTO Menu_Master(item_id, item_name, description, price) VALUES (346, 'PIZZA MRGHRIT10', 'Packet(Pp)', 175.00);
INSERT INTO Menu_Master(item_id, item_name, description, price) VALUES (347, 'PIZZA PLN CHS 6', 'Packet(Pp)', 75.00);
INSERT INTO Menu_Master(item_id, item_name, description, price) VALUES (348, 'PIZZA PLN CHS 8', 'Packet(Pp)', 90.00);
INSERT INTO Menu_Master(item_id, item_name, description, price) VALUES (349, 'PIZZA PLN CHS10', 'Packet(Pp)', 175.00);
INSERT INTO Menu_Master(item_id, item_name, description, price) VALUES (350, 'PIZZA PPY PNR 6', 'Packet(Pp)', 80.00);
INSERT INTO Menu_Master(item_id, item_name, description, price) VALUES (351, 'PIZZA PPY PNR 8', 'Packet(Pp)', 100.00);
INSERT INTO Menu_Master(item_id, item_name, description, price) VALUES (352, 'PIZZA PPY PNR10', 'Packet(Pp)', 200.00);
INSERT INTO Menu_Master(item_id, item_name, description, price) VALUES (353, 'PIZZA SPCY CHI 6', 'Packet(Pp)', 100.00);
INSERT INTO Menu_Master(item_id, item_name, description, price) VALUES (354, 'PIZZA SPCY CHI 8', 'Packet(Pp)', 125.00);
INSERT INTO Menu_Master(item_id, item_name, description, price) VALUES (355, 'PIZZA SPCYCHI10', 'Packet(Pp)', 200.00);
INSERT INTO Menu_Master(item_id, item_name, description, price) VALUES (356, 'PIZZA OS SPL V 6', 'Packet(Pp)', 100.00);
INSERT INTO Menu_Master(item_id, item_name, description, price) VALUES (357, 'PIZZA OS SPL V 8', 'Packet(Pp)', 125.00);
INSERT INTO Menu_Master(item_id, item_name, description, price) VALUES (358, 'PIZZA OS SPLV10', 'Packet(Pp)', 200.00);
--INSERT INTO Menu_Master(item_id, item_name, description, price) VALUES (359, '229', 'Packet(Pp)', 0.00);
--INSERT INTO Menu_Master(item_id, item_name, description, price) VALUES (360, '230', 'Packet(Pp)', 0.00);
--INSERT INTO Menu_Master(item_id, item_name, description, price) VALUES (361, '231', 'Packet(Pp)', 0.00);
--INSERT INTO Menu_Master(item_id, item_name, description, price) VALUES (362, '232', 'Packet(Pp)', 0.00);
--INSERT INTO Menu_Master(item_id, item_name, description, price) VALUES (363, '233', 'Packet(Pp)', 0.00);
--INSERT INTO Menu_Master(item_id, item_name, description, price) VALUES (364, '234', 'Packet(Pp)', 0.00);
--INSERT INTO Menu_Master(item_id, item_name, description, price) VALUES (365, '235', 'Packet(Pp)', 0.00);
--INSERT INTO Menu_Master(item_id, item_name, description, price) VALUES (366, '236', 'Packet(Pp)', 0.00);
--INSERT INTO Menu_Master(item_id, item_name, description, price) VALUES (367, '237', 'Packet(Pp)', 0.00);
--INSERT INTO Menu_Master(item_id, item_name, description, price) VALUES (368, '238', 'Packet(Pp)', 0.00);
--INSERT INTO Menu_Master(item_id, item_name, description, price) VALUES (369, '239', 'Packet(Pp)', 0.00);
--INSERT INTO Menu_Master(item_id, item_name, description, price) VALUES (370, '240', 'Packet(Pp)', 0.00);
INSERT INTO Menu_Master(item_id, item_name, description, price) VALUES (371, 'CHILLI CHZ TOAST', 'Packet(Pp)', 60.00);
INSERT INTO Menu_Master(item_id, item_name, description, price) VALUES (372, 'CRN SPIN CHZ TOS', 'Packet(Pp)', 60.00);
INSERT INTO Menu_Master(item_id, item_name, description, price) VALUES (373, 'JALAPENO CHZ NUG', 'Packet(Pp)', 50.00);
INSERT INTO Menu_Master(item_id, item_name, description, price) VALUES (374, 'CHZ CHILLI DYNMT', 'Packet(Pp)', 40.00);
INSERT INTO Menu_Master(item_id, item_name, description, price) VALUES (375, 'HARA BHARA KABAB', 'Packet(Pp)', 35.00);
INSERT INTO Menu_Master(item_id, item_name, description, price) VALUES (376, 'CORN TIKKI', 'Packet(Pp)', 35.00);
INSERT INTO Menu_Master(item_id, item_name, description, price) VALUES (377, 'GARLIC BREAD', 'Packet(Pp)', 30.00);
INSERT INTO Menu_Master(item_id, item_name, description, price) VALUES (378, 'GARLIC BREAD CHZ', 'Packet(Pp)', 45.00);
INSERT INTO Menu_Master(item_id, item_name, description, price) VALUES (379, 'GAR BRD CHZ OLV', 'Packet(Pp)', 50.00);
INSERT INTO Menu_Master(item_id, item_name, description, price) VALUES (380, 'FF PITA POK SGL', 'Packet(Pp)', 50.00);
INSERT INTO Menu_Master(item_id, item_name, description, price) VALUES (381, 'FF PITA POK DBL', 'Packet(Pp)', 90.00);
INSERT INTO Menu_Master(item_id, item_name, description, price) VALUES (382, 'NACHOS CHEESE', 'Packet(Pp)', 50.00);
INSERT INTO Menu_Master(item_id, item_name, description, price) VALUES (383, 'NACHOS CHZ SAL', 'Packet(Pp)', 55.00);
INSERT INTO Menu_Master(item_id, item_name, description, price) VALUES (384, 'QUESADILLA SINGL', 'Packet(Pp)', 50.00);
INSERT INTO Menu_Master(item_id, item_name, description, price) VALUES (385, 'QUESADILLA DOUBL', 'Packet(Pp)', 80.00);
INSERT INTO Menu_Master(item_id, item_name, description, price) VALUES (386, 'LEBANESE WRAP', 'Packet(Pp)', 50.00);
INSERT INTO Menu_Master(item_id, item_name, description, price) VALUES (387, 'MEXICAN BHEL', 'Packet(Pp)', 40.00);
INSERT INTO Menu_Master(item_id, item_name, description, price) VALUES (388, 'BURRITOS', 'Packet(Pp)', 65.00);
INSERT INTO Menu_Master(item_id, item_name, description, price) VALUES (389, 'MEXICAN TOAST', 'Packet(Pp)', 60.00);
INSERT INTO Menu_Master(item_id, item_name, description, price) VALUES (390, 'MEXICAN TACOS', 'Packet(Pp)', 50.00);
INSERT INTO Menu_Master(item_id, item_name, description, price) VALUES (391, 'FRENCH FRIES', 'Packet(Pp)', 30.00);
INSERT INTO Menu_Master(item_id, item_name, description, price) VALUES (392, 'POTATO WEDGES', 'Packet(Pp)', 30.00);
INSERT INTO Menu_Master(item_id, item_name, description, price) VALUES (393, 'ENCHILLADAS SING', 'Packet(Pp)', 50.00);
INSERT INTO Menu_Master(item_id, item_name, description, price) VALUES (394, 'ENCHILLADAS DBL', 'Packet(Pp)', 100.00);
INSERT INTO Menu_Master(item_id, item_name, description, price) VALUES (395, 'BAKED LASAGNE', 'Packet(Pp)', 100.00);
INSERT INTO Menu_Master(item_id, item_name, description, price) VALUES (396, 'CHEESE FONDUE', 'Packet(Pp)', 100.00);
INSERT INTO Menu_Master(item_id, item_name, description, price) VALUES (397, 'BAKED MACARONI', 'Packet(Pp)', 100.00);
INSERT INTO Menu_Master(item_id, item_name, description, price) VALUES (398, 'VEG FLORENTINE', 'Packet(Pp)', 100.00);
INSERT INTO Menu_Master(item_id, item_name, description, price) VALUES (399, 'VEG AU GRATIN', 'Packet(Pp)', 100.00);
--INSERT INTO Menu_Master(item_id, item_name, description, price) VALUES (400, '270', 'Packet(Pp)', 0.00);
--INSERT INTO Menu_Master(item_id, item_name, description, price) VALUES (401, '271', 'Packet(Pp)', 0.00);
--INSERT INTO Menu_Master(item_id, item_name, description, price) VALUES (402, '272', 'Packet(Pp)', 0.00);
--INSERT INTO Menu_Master(item_id, item_name, description, price) VALUES (403, '273', 'Packet(Pp)', 0.00);
--INSERT INTO Menu_Master(item_id, item_name, description, price) VALUES (404, '274', 'Packet(Pp)', 0.00);
INSERT INTO Menu_Master(item_id, item_name, description, price) VALUES (405, 'FLAVOURED NACHOS', 'Packet(Pp)', 5.00);
INSERT INTO Menu_Master(item_id, item_name, description, price) VALUES (406, 'EXTRA CHEESE', 'Packet(Pp)', 10.00);
INSERT INTO Menu_Master(item_id, item_name, description, price) VALUES (407, 'EXTRA DRESING', 'Packet(Pp)', 5.00);
--INSERT INTO Menu_Master(item_id, item_name, description, price) VALUES (408, '278', 'Packet(Pp)', 0.00);
INSERT INTO Menu_Master(item_id, item_name, description, price) VALUES (409, 'BRUN MUSKA', 'Packet(Pp)', 14.00);
INSERT INTO Menu_Master(item_id, item_name, description, price) VALUES (410, 'BUN MUSKA', 'Packet(Pp)', 16.00);
INSERT INTO Menu_Master(item_id, item_name, description, price) VALUES (411, 'BREAD BUTTER', 'Packet(Pp)', 12.00);
INSERT INTO Menu_Master(item_id, item_name, description, price) VALUES (412, 'BREAD BTR TOAST', 'Packet(Pp)', 14.00);
INSERT INTO Menu_Master(item_id, item_name, description, price) VALUES (413, 'BREAD BUTTER JAM', 'Packet(Pp)', 16.00);
INSERT INTO Menu_Master(item_id, item_name, description, price) VALUES (414, 'BRD BTR JAM TOS', 'Packet(Pp)', 18.00);
INSERT INTO Menu_Master(item_id, item_name, description, price) VALUES (415, 'CHUTNEY SANDWICH', 'Packet(Pp)', 14.00);
INSERT INTO Menu_Master(item_id, item_name, description, price) VALUES (416, 'VEG SANDWICH', 'Packet(Pp)', 15.00);
INSERT INTO Menu_Master(item_id, item_name, description, price) VALUES (417, 'MASALA SANDWICH', 'Packet(Pp)', 18.00);
INSERT INTO Menu_Master(item_id, item_name, description, price) VALUES (418, 'PLAIN CHZ VEG SW', 'Packet(Pp)', 25.00);
INSERT INTO Menu_Master(item_id, item_name, description, price) VALUES (419, 'CHZ TOMATO SW', 'Packet(Pp)', 28.00);
INSERT INTO Menu_Master(item_id, item_name, description, price) VALUES (420, 'VEG GRILLED SW', 'Packet(Pp)', 25.00);
INSERT INTO Menu_Master(item_id, item_name, description, price) VALUES (421, 'VEG CHZ GRL SW', 'Packet(Pp)', 28.00);
INSERT INTO Menu_Master(item_id, item_name, description, price) VALUES (422, 'EGG SANDWICH', 'Packet(Pp)', 20.00);
INSERT INTO Menu_Master(item_id, item_name, description, price) VALUES (423, 'EGG CHEESE SW', 'Packet(Pp)', 27.00);
INSERT INTO Menu_Master(item_id, item_name, description, price) VALUES (424, 'EGG MAYO SW', 'Packet(Pp)', 28.00);
INSERT INTO Menu_Master(item_id, item_name, description, price) VALUES (425, 'EGG BHURJI SW', 'Packet(Pp)', 20.00);
INSERT INTO Menu_Master(item_id, item_name, description, price) VALUES (426, 'CHICKEN SW', 'Packet(Pp)', 45.00);
INSERT INTO Menu_Master(item_id, item_name, description, price) VALUES (427, 'CHICKEN CHZ SW', 'Packet(Pp)', 55.00);
INSERT INTO Menu_Master(item_id, item_name, description, price) VALUES (428, 'CHICKEN EGG SW', 'Packet(Pp)', 60.00);
INSERT INTO Menu_Master(item_id, item_name, description, price) VALUES (429, 'COLESLAW SW', 'Packet(Pp)', 28.00);
INSERT INTO Menu_Master(item_id, item_name, description, price) VALUES (430, 'MEXICN GRILED SW', 'Packet(Pp)', 40.00);
INSERT INTO Menu_Master(item_id, item_name, description, price) VALUES (431, 'COCONUT SANDWICH', 'Packet(Pp)', 40.00);
INSERT INTO Menu_Master(item_id, item_name, description, price) VALUES (432, 'BREAD BTR CHZ', 'Packet(Pp)', 20.00);
INSERT INTO Menu_Master(item_id, item_name, description, price) VALUES (433, 'BRD BTR CHZ TST', 'Packet(Pp)', 24.00);
INSERT INTO Menu_Master(item_id, item_name, description, price) VALUES (434, 'ALOO SW', 'Packet(Pp)', 14.00);
INSERT INTO Menu_Master(item_id, item_name, description, price) VALUES (435, 'OMLETTE CHZ', 'Packet(Pp)', 27.00);
INSERT INTO Menu_Master(item_id, item_name, description, price) VALUES (436, 'OMLETTE TOST SW', 'Packet(Pp)', 25.00);
INSERT INTO Menu_Master(item_id, item_name, description, price) VALUES (437, 'BB VEG SADA SW', 'Packet(Pp)', 20.00);
INSERT INTO Menu_Master(item_id, item_name, description, price) VALUES (438, 'BB MASALA SW', 'Packet(Pp)', 23.00);
INSERT INTO Menu_Master(item_id, item_name, description, price) VALUES (439, 'BB PLN CHZ V SW', 'Packet(Pp)', 33.00);
INSERT INTO Menu_Master(item_id, item_name, description, price) VALUES (440, 'BB CHZ TOMATO SW', 'Packet(Pp)', 33.00);
INSERT INTO Menu_Master(item_id, item_name, description, price) VALUES (441, 'BB VG GRILLED SW', 'Packet(Pp)', 30.00);
INSERT INTO Menu_Master(item_id, item_name, description, price) VALUES (442, 'BB VG CHZ GRL SW', 'Packet(Pp)', 40.00);
INSERT INTO Menu_Master(item_id, item_name, description, price) VALUES (443, 'BB EGG SANDWICH', 'Packet(Pp)', 25.00);
INSERT INTO Menu_Master(item_id, item_name, description, price) VALUES (444, 'BB EGG CHEESE SW', 'Packet(Pp)', 35.00);
INSERT INTO Menu_Master(item_id, item_name, description, price) VALUES (445, 'BB EGG MAYO SW', 'Packet(Pp)', 33.00);
INSERT INTO Menu_Master(item_id, item_name, description, price) VALUES (446, 'BB EGG BHURJI SW', 'Packet(Pp)', 25.00);
INSERT INTO Menu_Master(item_id, item_name, description, price) VALUES (447, 'BB CHICKEN SW', 'Packet(Pp)', 50.00);
INSERT INTO Menu_Master(item_id, item_name, description, price) VALUES (448, 'BB CHICKN CHZ SW', 'Packet(Pp)', 60.00);
INSERT INTO Menu_Master(item_id, item_name, description, price) VALUES (449, 'BB CHICKN EGG SW', 'Packet(Pp)', 65.00);
INSERT INTO Menu_Master(item_id, item_name, description, price) VALUES (450, 'BB COLESLAW SW', 'Packet(Pp)', 25.00);
INSERT INTO Menu_Master(item_id, item_name, description, price) VALUES (451, 'BB MEXIC GRLD SW', 'Packet(Pp)', 45.00);
INSERT INTO Menu_Master(item_id, item_name, description, price) VALUES (452, 'BB COCONUT SW', 'Packet(Pp)', 45.00);
INSERT INTO Menu_Master(item_id, item_name, description, price) VALUES (453, 'EGG grill SANDWI', 'Packet(Pp)', 27.00);
INSERT INTO Menu_Master(item_id, item_name, description, price) VALUES (454, 'EGG BURJI grl SW', 'Packet(Pp)', 27.00);
INSERT INTO Menu_Master(item_id, item_name, description, price) VALUES (455, 'CHICKEN grill SW', 'Packet(Pp)', 50.00);
INSERT INTO Menu_Master(item_id, item_name, description, price) VALUES (456, 'CHI CHZ grill SW', 'Packet(Pp)', 60.00);
INSERT INTO Menu_Master(item_id, item_name, description, price) VALUES (457, 'CHI EGG grill SW', 'Packet(Pp)', 65.00);
INSERT INTO Menu_Master(item_id, item_name, description, price) VALUES (458, 'OMLETTE SW', 'Packet(Pp)', 20.00);
--INSERT INTO Menu_Master(item_id, item_name, description, price) VALUES (459, '329', 'Packet(Pp)', 0.00);
INSERT INTO Menu_Master(item_id, item_name, description, price) VALUES (460, 'GRILLED PANINI', 'Packet(Pp)', 40.00);
INSERT INTO Menu_Master(item_id, item_name, description, price) VALUES (461, 'FRUIT SALAD', 'Packet(Pp)', 30.00);
INSERT INTO Menu_Master(item_id, item_name, description, price) VALUES (462, 'GREEN SALAD', 'Packet(Pp)', 15.00);
INSERT INTO Menu_Master(item_id, item_name, description, price) VALUES (463, 'PASTA SALAD', 'Packet(Pp)', 25.00);
INSERT INTO Menu_Master(item_id, item_name, description, price) VALUES (464, 'EGG MAYO SALAD', 'Packet(Pp)', 30.00);
INSERT INTO Menu_Master(item_id, item_name, description, price) VALUES (465, 'CHI VEG SALAD', 'Packet(Pp)', 40.00);
INSERT INTO Menu_Master(item_id, item_name, description, price) VALUES (466, 'VEG SALAD SAUCE', 'Packet(Pp)', 50.00);
INSERT INTO Menu_Master(item_id, item_name, description, price) VALUES (467, 'NV SALAD SAUCE', 'Packet(Pp)', 50.00);
INSERT INTO Menu_Master(item_id, item_name, description, price) VALUES (468, 'MEXICAN SALAD V', 'Packet(Pp)', 50.00);
INSERT INTO Menu_Master(item_id, item_name, description, price) VALUES (469, 'MEXICAN SALAD NV', 'Packet(Pp)', 60.00);
--INSERT INTO Menu_Master(item_id, item_name, description, price) VALUES (470, '340', 'Packet(Pp)', 0.00);
--INSERT INTO Menu_Master(item_id, item_name, description, price) VALUES (471, '341', 'Packet(Pp)', 0.00);
--INSERT INTO Menu_Master(item_id, item_name, description, price) VALUES (472, '342', 'Packet(Pp)', 0.00);
--INSERT INTO Menu_Master(item_id, item_name, description, price) VALUES (473, '343', 'Packet(Pp)', 0.00);
--INSERT INTO Menu_Master(item_id, item_name, description, price) VALUES (474, '344', 'Packet(Pp)', 0.00);
--INSERT INTO Menu_Master(item_id, item_name, description, price) VALUES (475, '345', 'Packet(Pp)', 0.00);
--INSERT INTO Menu_Master(item_id, item_name, description, price) VALUES (476, '346', 'Packet(Pp)', 0.00);
--INSERT INTO Menu_Master(item_id, item_name, description, price) VALUES (477, '347', 'Packet(Pp)', 0.00);
--INSERT INTO Menu_Master(item_id, item_name, description, price) VALUES (478, '348', 'Packet(Pp)', 0.00);
--INSERT INTO Menu_Master(item_id, item_name, description, price) VALUES (479, '349', 'Packet(Pp)', 0.00);
--INSERT INTO Menu_Master(item_id, item_name, description, price) VALUES (480, '350', 'Packet(Pp)', 0.00);
INSERT INTO Menu_Master(item_id, item_name, description, price) VALUES (481, 'MASALA MURI', 'Packet(Pp)', 20.00);
INSERT INTO Menu_Master(item_id, item_name, description, price) VALUES (482, 'BHEL', 'Packet(Pp)', 16.00);
INSERT INTO Menu_Master(item_id, item_name, description, price) VALUES (483, 'SEV PURI', 'Packet(Pp)', 18.00);
INSERT INTO Menu_Master(item_id, item_name, description, price) VALUES (484, 'DAHI PURI', 'Packet(Pp)', 18.00);
INSERT INTO Menu_Master(item_id, item_name, description, price) VALUES (485, 'DAHI BATATA', 'Packet(Pp)', 20.00);
INSERT INTO Menu_Master(item_id, item_name, description, price) VALUES (486, 'DAHI PAPDI CHAAT', 'Packet(Pp)', 18.00);
INSERT INTO Menu_Master(item_id, item_name, description, price) VALUES (487, 'PANI PURI', 'Packet(Pp)', 18.00);
INSERT INTO Menu_Master(item_id, item_name, description, price) VALUES (488, 'PUCHKA', 'Packet(Pp)', 20.00);
INSERT INTO Menu_Master(item_id, item_name, description, price) VALUES (489, 'DAHI WADA', 'Packet(Pp)', 20.00);
INSERT INTO Menu_Master(item_id, item_name, description, price) VALUES (490, 'TIKKI CHOLE', 'Packet(Pp)', 16.00);
INSERT INTO Menu_Master(item_id, item_name, description, price) VALUES (491, 'ONION PAKODA', 'Packet(Pp)', 18.00);
INSERT INTO Menu_Master(item_id, item_name, description, price) VALUES (492, 'POTATO POKADO', 'Packet(Pp)', 18.00);
INSERT INTO Menu_Master(item_id, item_name, description, price) VALUES (493, 'BAHAJIYA' , 'Packet(Pp)', 18.00);
INSERT INTO Menu_Master(item_id, item_name, description, price) VALUES (494, 'CORN CUTLET', 'Packet(Pp)', 20.00);
INSERT INTO Menu_Master(item_id, item_name, description, price) VALUES (495, 'DAHI SAMOSA', 'Packet(Pp)', 18.00);
INSERT INTO Menu_Master(item_id, item_name, description, price) VALUES (496, 'CHOLE SAMOSA', 'Packet(Pp)', 16.00);
INSERT INTO Menu_Master(item_id, item_name, description, price) VALUES (497, 'VEG MOMOS', 'Packet(Pp)', 50.00);
INSERT INTO Menu_Master(item_id, item_name, description, price) VALUES (498, 'NON VEG MOMOS', 'Packet(Pp)', 70.00);
INSERT INTO Menu_Master(item_id, item_name, description, price) VALUES (499, 'PAV BHAJI', 'Packet(Pp)', 40.00);
INSERT INTO Menu_Master(item_id, item_name, description, price) VALUES (500, 'SAMOSA', 'Packet(Pp)', 16.00);
INSERT INTO Menu_Master(item_id, item_name, description, price) VALUES (501, 'WADA', 'Packet(Pp)', 15.00);
INSERT INTO Menu_Master(item_id, item_name, description, price) VALUES (502, 'CHOLE BHTRE', 'Packet(Pp)', 40.00);
INSERT INTO Menu_Master(item_id, item_name, description, price) VALUES (503, 'RAGDA PURI', 'Packet(Pp)', 18.00);
INSERT INTO Menu_Master(item_id, item_name, description, price) VALUES (504, 'SAMOSA SINGLE', 'Packet(Pp)', 8.00);
INSERT INTO Menu_Master(item_id, item_name, description, price) VALUES (505, 'WADA SINGLE', 'Packet(Pp)', 8.00);
INSERT INTO Menu_Master(item_id, item_name, description, price) VALUES (506, 'SABU WADA SNG', 'Packet(Pp)', 9.00);
--INSERT INTO Menu_Master(item_id, item_name, description, price) VALUES (507, '377', 'Packet(Pp)', 0.00);
--INSERT INTO Menu_Master(item_id, item_name, description, price) VALUES (508, '378', 'Packet(Pp)', 0.00);
--INSERT INTO Menu_Master(item_id, item_name, description, price) VALUES (509, '379', 'Packet(Pp)', 0.00);
INSERT INTO Menu_Master(item_id, item_name, description, price) VALUES (510, 'WTRMLNJUICE', 'Packet(Pp)', 20.00);
INSERT INTO Menu_Master(item_id, item_name, description, price) VALUES (511, 'MSB JUICE', 'Packet(Pp)', 25.00);
INSERT INTO Menu_Master(item_id, item_name, description, price) VALUES (512, 'ORG JUICE', 'Packet(Pp)', 25.00);
INSERT INTO Menu_Master(item_id, item_name, description, price) VALUES (513, 'PAP JUICE', 'Packet(Pp)', 25.00);
INSERT INTO Menu_Master(item_id, item_name, description, price) VALUES (514, 'PINE JUICE', 'Packet(Pp)', 25.00);
INSERT INTO Menu_Master(item_id, item_name, description, price) VALUES (515, 'COKTAIL JUICE', 'Packet(Pp)', 25.00);
INSERT INTO Menu_Master(item_id, item_name, description, price) VALUES (516, 'BEET JUICE', 'Packet(Pp)', 25.00);
INSERT INTO Menu_Master(item_id, item_name, description, price) VALUES (517, 'CRT JUICE', 'Packet(Pp)', 25.00);
--INSERT INTO Menu_Master(item_id, item_name, description, price) VALUES (518, '388', 'Packet(Pp)', 0.00);
--INSERT INTO Menu_Master(item_id, item_name, description, price) VALUES (519, '389', 'Packet(Pp)', 0.00);
--INSERT INTO Menu_Master(item_id, item_name, description, price) VALUES (520, '390', 'Packet(Pp)', 0.00);
--INSERT INTO Menu_Master(item_id, item_name, description, price) VALUES (521, '391', 'Packet(Pp)', 0.00);
--INSERT INTO Menu_Master(item_id, item_name, description, price) VALUES (522, '392', 'Packet(Pp)', 0.00);
--INSERT INTO Menu_Master(item_id, item_name, description, price) VALUES (523, '393', 'Packet(Pp)', 0.00);
--INSERT INTO Menu_Master(item_id, item_name, description, price) VALUES (524, '394', 'Packet(Pp)', 0.00);
--INSERT INTO Menu_Master(item_id, item_name, description, price) VALUES (525, '395', 'Packet(Pp)', 0.00);
--INSERT INTO Menu_Master(item_id, item_name, description, price) VALUES (526, '396', 'Packet(Pp)', 0.00);
--INSERT INTO Menu_Master(item_id, item_name, description, price) VALUES (527, '397', 'Packet(Pp)', 0.00);
--INSERT INTO Menu_Master(item_id, item_name, description, price) VALUES (528, '398', 'Packet(Pp)', 0.00);
--INSERT INTO Menu_Master(item_id, item_name, description, price) VALUES (529, '399', 'Packet(Pp)', 0.00);
INSERT INTO Menu_Master(item_id, item_name, description, price) VALUES (530, 'BANANA MS', 'Packet(Pp)', 35.00);
INSERT INTO Menu_Master(item_id, item_name, description, price) VALUES (531, 'CHIKOO MS', 'Packet(Pp)', 35.00);
--INSERT INTO Menu_Master(item_id, item_name, description, price) VALUES (532, '402', 'Packet(Pp)', 0.00);
--INSERT INTO Menu_Master(item_id, item_name, description, price) VALUES (533, '403', 'Packet(Pp)', 0.00);
--INSERT INTO Menu_Master(item_id, item_name, description, price) VALUES (534, '404', 'Packet(Pp)', 0.00);
--INSERT INTO Menu_Master(item_id, item_name, description, price) VALUES (535, '405', 'Packet(Pp)', 0.00);
--INSERT INTO Menu_Master(item_id, item_name, description, price) VALUES (536, '406', 'Packet(Pp)', 0.00);
--INSERT INTO Menu_Master(item_id, item_name, description, price) VALUES (537, '407', 'Packet(Pp)', 0.00);
--INSERT INTO Menu_Master(item_id, item_name, description, price) VALUES (538, '408', 'Packet(Pp)', 0.00);
--INSERT INTO Menu_Master(item_id, item_name, description, price) VALUES (539, '409', 'Packet(Pp)', 0.00);
INSERT INTO Menu_Master(item_id, item_name, description, price) VALUES (540, 'FRT PLATE', 'Packet(Pp)', 20.00);
INSERT INTO Menu_Master(item_id, item_name, description, price) VALUES (541, 'VEG CHZ MAGGI', 'Packet(Pp)', 35.00);
INSERT INTO Menu_Master(item_id, item_name, description, price) VALUES (542, 'VEG SEZ MAGGI', 'Packet(Pp)', 30.00);
INSERT INTO Menu_Master(item_id, item_name, description, price) VALUES (543, 'VEG SEZ CHZ MAGI', 'Packet(Pp)', 40.00);
INSERT INTO Menu_Master(item_id, item_name, description, price) VALUES (544, 'VEG BTR MAGGI', 'Packet(Pp)', 30.00);
INSERT INTO Menu_Master(item_id, item_name, description, price) VALUES (545, 'VEG BTR CHZ MAGI', 'Packet(Pp)', 40.00);
INSERT INTO Menu_Master(item_id, item_name, description, price) VALUES (546, 'CAPSI MAGGI', 'Packet(Pp)', 30.00);
INSERT INTO Menu_Master(item_id, item_name, description, price) VALUES (547, 'CAP CHZ MAGGI', 'Packet(Pp)', 40.00);
INSERT INTO Menu_Master(item_id, item_name, description, price) VALUES (548, 'CORN MAGGI', 'Packet(Pp)', 30.00);
INSERT INTO Menu_Master(item_id, item_name, description, price) VALUES (549, 'CORN CHZ MAGGI', 'Packet(Pp)', 40.00);
INSERT INTO Menu_Master(item_id, item_name, description, price) VALUES (550, 'MASHROOM MAGGI', 'Packet(Pp)', 30.00);
INSERT INTO Menu_Master(item_id, item_name, description, price) VALUES (551, 'MASRM CHZ MAGI', 'Packet(Pp)', 40.00);
INSERT INTO Menu_Master(item_id, item_name, description, price) VALUES (552, 'ALOO MAGGI', 'Packet(Pp)', 30.00);
INSERT INTO Menu_Master(item_id, item_name, description, price) VALUES (553, 'ALOO CHZ MAGGI', 'Packet(Pp)', 40.00);
INSERT INTO Menu_Master(item_id, item_name, description, price) VALUES (554, 'TOMATO MAGGI', 'Packet(Pp)', 30.00);
INSERT INTO Menu_Master(item_id, item_name, description, price) VALUES (555, 'TOMA CHZ MAGI', 'Packet(Pp)', 40.00);
INSERT INTO Menu_Master(item_id, item_name, description, price) VALUES (556, 'PANER MAGGI', 'Packet(Pp)', 35.00);
INSERT INTO Menu_Master(item_id, item_name, description, price) VALUES (557, 'PANER CHZ MAGI', 'Packet(Pp)', 45.00);
INSERT INTO Menu_Master(item_id, item_name, description, price) VALUES (558, 'EGG MAGGI', 'Packet(Pp)', 35.00);
INSERT INTO Menu_Master(item_id, item_name, description, price) VALUES (559, 'EGG CHZ MAGGI', 'Packet(Pp)', 45.00);
INSERT INTO Menu_Master(item_id, item_name, description, price) VALUES (560, 'OMLETTE MAGGI', 'Packet(Pp)', 35.00);
INSERT INTO Menu_Master(item_id, item_name, description, price) VALUES (561, 'OMLET CHZ MAGI', 'Packet(Pp)', 45.00);
--INSERT INTO Menu_Master(item_id, item_name, description, price) VALUES (562, '432', 'Packet(Pp)', 0.00);
--INSERT INTO Menu_Master(item_id, item_name, description, price) VALUES (563, '433', 'Packet(Pp)', 0.00);
--INSERT INTO Menu_Master(item_id, item_name, description, price) VALUES (564, '434', 'Packet(Pp)', 0.00);
--INSERT INTO Menu_Master(item_id, item_name, description, price) VALUES (565, '435', 'Packet(Pp)', 0.00);
--INSERT INTO Menu_Master(item_id, item_name, description, price) VALUES (566, '436', 'Packet(Pp)', 0.00);
--INSERT INTO Menu_Master(item_id, item_name, description, price) VALUES (567, '437', 'Packet(Pp)', 0.00);
--INSERT INTO Menu_Master(item_id, item_name, description, price) VALUES (568, '438', 'Packet(Pp)', 0.00);
--INSERT INTO Menu_Master(item_id, item_name, description, price) VALUES (569, '439', 'Packet(Pp)', 0.00);
INSERT INTO Menu_Master(item_id, item_name, description, price) VALUES (570, 'KESAR FALOODA', 'Packet(Pp)', 40.00);
INSERT INTO Menu_Master(item_id, item_name, description, price) VALUES (571, 'ROSE FALOODA', 'Packet(Pp)', 40.00);
INSERT INTO Menu_Master(item_id, item_name, description, price) VALUES (572, 'BLK CURENT FLDA', 'Packet(Pp)', 42.00);
INSERT INTO Menu_Master(item_id, item_name, description, price) VALUES (573, 'MANGO FALODA', 'Packet(Pp)', 42.00);
INSERT INTO Menu_Master(item_id, item_name, description, price) VALUES (574, 'GREEN APL FLDA', 'Packet(Pp)', 42.00);
INSERT INTO Menu_Master(item_id, item_name, description, price) VALUES (575, 'STBRY FALOODA', 'Packet(Pp)', 45.00);
INSERT INTO Menu_Master(item_id, item_name, description, price) VALUES (576, 'BTR SCT FALOODA', 'Packet(Pp)', 45.00);
INSERT INTO Menu_Master(item_id, item_name, description, price) VALUES (577, 'CHOCO FLDA', 'Packet(Pp)', 45.00);
--INSERT INTO Menu_Master(item_id, item_name, description, price) VALUES (578, '448', 'Packet(Pp)', 0.00);
--INSERT INTO Menu_Master(item_id, item_name, description, price) VALUES (579, '449', 'Packet(Pp)', 0.00);
--INSERT INTO Menu_Master(item_id, item_name, description, price) VALUES (580, '450', 'Packet(Pp)', 0.00);
--INSERT INTO Menu_Master(item_id, item_name, description, price) VALUES (581, '451', 'Packet(Pp)', 0.00);
--INSERT INTO Menu_Master(item_id, item_name, description, price) VALUES (582, '452', 'Packet(Pp)', 0.00);
--INSERT INTO Menu_Master(item_id, item_name, description, price) VALUES (583, '453', 'Packet(Pp)', 0.00);
--INSERT INTO Menu_Master(item_id, item_name, description, price) VALUES (584, '454', 'Packet(Pp)', 0.00);
--INSERT INTO Menu_Master(item_id, item_name, description, price) VALUES (585, '455', 'Packet(Pp)', 0.00);
--INSERT INTO Menu_Master(item_id, item_name, description, price) VALUES (586, '456', 'Packet(Pp)', 0.00);
--INSERT INTO Menu_Master(item_id, item_name, description, price) VALUES (587, '457', 'Packet(Pp)', 0.00);
--INSERT INTO Menu_Master(item_id, item_name, description, price) VALUES (588, '458', 'Packet(Pp)', 0.00);
--INSERT INTO Menu_Master(item_id, item_name, description, price) VALUES (589, '459', 'Packet(Pp)', 0.00);
--INSERT INTO Menu_Master(item_id, item_name, description, price) VALUES (590, '460', 'Packet(Pp)', 0.00);
--INSERT INTO Menu_Master(item_id, item_name, description, price) VALUES (591, '461', 'Packet(Pp)', 0.00);
--INSERT INTO Menu_Master(item_id, item_name, description, price) VALUES (592, '462', 'Packet(Pp)', 0.00);
--INSERT INTO Menu_Master(item_id, item_name, description, price) VALUES (593, '463', 'Packet(Pp)', 0.00);
--INSERT INTO Menu_Master(item_id, item_name, description, price) VALUES (594, '464', 'Packet(Pp)', 0.00);
--INSERT INTO Menu_Master(item_id, item_name, description, price) VALUES (595, '465', 'Packet(Pp)', 0.00);
--INSERT INTO Menu_Master(item_id, item_name, description, price) VALUES (596, '466', 'Packet(Pp)', 0.00);
--INSERT INTO Menu_Master(item_id, item_name, description, price) VALUES (597, '467', 'Packet(Pp)', 0.00);
--INSERT INTO Menu_Master(item_id, item_name, description, price) VALUES (598, '468', 'Packet(Pp)', 0.00);
--INSERT INTO Menu_Master(item_id, item_name, description, price) VALUES (599, '469', 'Packet(Pp)', 0.00);
--INSERT INTO Menu_Master(item_id, item_name, description, price) VALUES (600, '470', 'Packet(Pp)', 0.00);
--INSERT INTO Menu_Master(item_id, item_name, description, price) VALUES (601, '471', 'Packet(Pp)', 0.00);
--INSERT INTO Menu_Master(item_id, item_name, description, price) VALUES (602, '472', 'Packet(Pp)', 0.00);
--INSERT INTO Menu_Master(item_id, item_name, description, price) VALUES (603, '473', 'Packet(Pp)', 0.00);
--INSERT INTO Menu_Master(item_id, item_name, description, price) VALUES (604, '474', 'Packet(Pp)', 0.00);
--INSERT INTO Menu_Master(item_id, item_name, description, price) VALUES (605, '475', 'Packet(Pp)', 0.00);
--INSERT INTO Menu_Master(item_id, item_name, description, price) VALUES (606, '476', 'Packet(Pp)', 0.00);
--INSERT INTO Menu_Master(item_id, item_name, description, price) VALUES (607, '477', 'Packet(Pp)', 0.00);
--INSERT INTO Menu_Master(item_id, item_name, description, price) VALUES (608, '478', 'Packet(Pp)', 0.00);
--INSERT INTO Menu_Master(item_id, item_name, description, price) VALUES (609, '479', 'Packet(Pp)', 0.00);
--INSERT INTO Menu_Master(item_id, item_name, description, price) VALUES (610, '480', 'Packet(Pp)', 0.00);
--INSERT INTO Menu_Master(item_id, item_name, description, price) VALUES (611, '481', 'Packet(Pp)', 0.00);
--INSERT INTO Menu_Master(item_id, item_name, description, price) VALUES (612, '482', 'Packet(Pp)', 0.00);
--INSERT INTO Menu_Master(item_id, item_name, description, price) VALUES (613, '483', 'Packet(Pp)', 0.00);
--INSERT INTO Menu_Master(item_id, item_name, description, price) VALUES (614, '484', 'Packet(Pp)', 0.00);
--INSERT INTO Menu_Master(item_id, item_name, description, price) VALUES (615, '485', 'Packet(Pp)', 0.00);
--INSERT INTO Menu_Master(item_id, item_name, description, price) VALUES (616, '486', 'Packet(Pp)', 0.00);
--INSERT INTO Menu_Master(item_id, item_name, description, price) VALUES (617, '487', 'Packet(Pp)', 0.00);
--INSERT INTO Menu_Master(item_id, item_name, description, price) VALUES (618, '488', 'Packet(Pp)', 0.00);
--INSERT INTO Menu_Master(item_id, item_name, description, price) VALUES (619, '489', 'Packet(Pp)', 0.00);
--INSERT INTO Menu_Master(item_id, item_name, description, price) VALUES (620, '490', 'Packet(Pp)', 0.00);
--INSERT INTO Menu_Master(item_id, item_name, description, price) VALUES (621, '491', 'Packet(Pp)', 0.00);
--INSERT INTO Menu_Master(item_id, item_name, description, price) VALUES (622, '492', 'Packet(Pp)', 0.00);
--INSERT INTO Menu_Master(item_id, item_name, description, price) VALUES (623, '493', 'Packet(Pp)', 0.00);
--INSERT INTO Menu_Master(item_id, item_name, description, price) VALUES (624, '494', 'Packet(Pp)', 0.00);
--INSERT INTO Menu_Master(item_id, item_name, description, price) VALUES (625, '495', 'Packet(Pp)', 0.00);
--INSERT INTO Menu_Master(item_id, item_name, description, price) VALUES (626, '496', 'Packet(Pp)', 0.00);
--INSERT INTO Menu_Master(item_id, item_name, description, price) VALUES (627, '497', 'Packet(Pp)', 0.00);
--INSERT INTO Menu_Master(item_id, item_name, description, price) VALUES (628, '498', 'Packet(Pp)', 0.00);
--INSERT INTO Menu_Master(item_id, item_name, description, price) VALUES (629, '499', 'Packet(Pp)', 0.00);
INSERT INTO Menu_Master(item_id, item_name, description, price) VALUES (630, 'MASHROOM BRYANI', 'Packet(Pp)', 60.00);
INSERT INTO Menu_Master(item_id, item_name, description, price) VALUES (631, 'PANEER BRYANI', 'Packet(Pp)', 75.00);
INSERT INTO Menu_Master(item_id, item_name, description, price) VALUES (632, 'DRUMSTICK BRYANI', 'Packet(Pp)', 80.00);
INSERT INTO Menu_Master(item_id, item_name, description, price) VALUES (633, 'CHI TIKKA BRYANI', 'Packet(Pp)', 90.00);
INSERT INTO Menu_Master(item_id, item_name, description, price) VALUES (634, 'CHI PAHADI BRY', 'Packet(Pp)', 85.00);
INSERT INTO Menu_Master(item_id, item_name, description, price) VALUES (635, 'PANEER PULAV', 'Packet(Pp)', 60.00);
INSERT INTO Menu_Master(item_id, item_name, description, price) VALUES (636, 'CHOLE PULAV', 'Packet(Pp)', 45.00);
INSERT INTO Menu_Master(item_id, item_name, description, price) VALUES (637, 'CHICKEN PULAV', 'Packet(Pp)', 60.00);
--INSERT INTO Menu_Master(item_id, item_name, description, price) VALUES (638, '508', 'Packet(Pp)', 0.00);
--INSERT INTO Menu_Master(item_id, item_name, description, price) VALUES (639, '509', 'Packet(Pp)', 0.00);
--INSERT INTO Menu_Master(item_id, item_name, description, price) VALUES (640, '510', 'Packet(Pp)', 0.00);
--INSERT INTO Menu_Master(item_id, item_name, description, price) VALUES (641, '511', 'Packet(Pp)', 0.00);
--INSERT INTO Menu_Master(item_id, item_name, description, price) VALUES (642, '512', 'Packet(Pp)', 0.00);
--INSERT INTO Menu_Master(item_id, item_name, description, price) VALUES (643, '513', 'Packet(Pp)', 0.00);
--INSERT INTO Menu_Master(item_id, item_name, description, price) VALUES (644, '514', 'Packet(Pp)', 0.00);
--INSERT INTO Menu_Master(item_id, item_name, description, price) VALUES (645, '515', 'Packet(Pp)', 0.00);
--INSERT INTO Menu_Master(item_id, item_name, description, price) VALUES (646, '516', 'Packet(Pp)', 0.00);
--INSERT INTO Menu_Master(item_id, item_name, description, price) VALUES (647, '517', 'Packet(Pp)', 0.00);
--INSERT INTO Menu_Master(item_id, item_name, description, price) VALUES (648, '518', 'Packet(Pp)', 0.00);
--INSERT INTO Menu_Master(item_id, item_name, description, price) VALUES (649, '519', 'Packet(Pp)', 0.00);
--INSERT INTO Menu_Master(item_id, item_name, description, price) VALUES (650, '520', 'Packet(Pp)', 0.00);
--INSERT INTO Menu_Master(item_id, item_name, description, price) VALUES (651, '521', 'Packet(Pp)', 0.00);
--INSERT INTO Menu_Master(item_id, item_name, description, price) VALUES (652, '522', 'Packet(Pp)', 0.00);
--INSERT INTO Menu_Master(item_id, item_name, description, price) VALUES (653, '523', 'Packet(Pp)', 0.00);
--INSERT INTO Menu_Master(item_id, item_name, description, price) VALUES (654, '524', 'Packet(Pp)', 0.00);
--INSERT INTO Menu_Master(item_id, item_name, description, price) VALUES (655, '525', 'Packet(Pp)', 0.00);
--INSERT INTO Menu_Master(item_id, item_name, description, price) VALUES (656, '526', 'Packet(Pp)', 0.00);
--INSERT INTO Menu_Master(item_id, item_name, description, price) VALUES (657, '527', 'Packet(Pp)', 0.00);
--INSERT INTO Menu_Master(item_id, item_name, description, price) VALUES (658, '528', 'Packet(Pp)', 0.00);
--INSERT INTO Menu_Master(item_id, item_name, description, price) VALUES (659, '529', 'Packet(Pp)', 0.00);
--INSERT INTO Menu_Master(item_id, item_name, description, price) VALUES (660, '530', 'Packet(Pp)', 0.00);
--INSERT INTO Menu_Master(item_id, item_name, description, price) VALUES (661, '531', 'Packet(Pp)', 0.00);
--INSERT INTO Menu_Master(item_id, item_name, description, price) VALUES (662, '532', 'Packet(Pp)', 0.00);
--INSERT INTO Menu_Master(item_id, item_name, description, price) VALUES (663, '533', 'Packet(Pp)', 0.00);
--INSERT INTO Menu_Master(item_id, item_name, description, price) VALUES (664, '534', 'Packet(Pp)', 0.00);
--INSERT INTO Menu_Master(item_id, item_name, description, price) VALUES (665, '535', 'Packet(Pp)', 0.00);
--INSERT INTO Menu_Master(item_id, item_name, description, price) VALUES (666, '536', 'Packet(Pp)', 0.00);
--INSERT INTO Menu_Master(item_id, item_name, description, price) VALUES (667, '537', 'Packet(Pp)', 0.00);
--INSERT INTO Menu_Master(item_id, item_name, description, price) VALUES (668, '538', 'Packet(Pp)', 0.00);
--INSERT INTO Menu_Master(item_id, item_name, description, price) VALUES (669, '539', 'Packet(Pp)', 0.00);
--INSERT INTO Menu_Master(item_id, item_name, description, price) VALUES (670, '540', 'Packet(Pp)', 0.00);
--INSERT INTO Menu_Master(item_id, item_name, description, price) VALUES (671, '541', 'Packet(Pp)', 0.00);
--INSERT INTO Menu_Master(item_id, item_name, description, price) VALUES (672, '542', 'Packet(Pp)', 0.00);
--INSERT INTO Menu_Master(item_id, item_name, description, price) VALUES (673, '543', 'Packet(Pp)', 0.00);
--INSERT INTO Menu_Master(item_id, item_name, description, price) VALUES (674, '544', 'Packet(Pp)', 0.00);
--INSERT INTO Menu_Master(item_id, item_name, description, price) VALUES (675, '545', 'Packet(Pp)', 0.00);
--INSERT INTO Menu_Master(item_id, item_name, description, price) VALUES (676, '546', 'Packet(Pp)', 0.00);
--INSERT INTO Menu_Master(item_id, item_name, description, price) VALUES (677, '547', 'Packet(Pp)', 0.00);
--INSERT INTO Menu_Master(item_id, item_name, description, price) VALUES (678, '548', 'Packet(Pp)', 0.00);
INSERT INTO Menu_Master(item_id, item_name, description, price) VALUES (679, 'STAFF SNACKS', 'Packet(Pp)', 15.00);
INSERT INTO Menu_Master(item_id, item_name, description, price) VALUES (680, 'STAFF LUNCH', 'Packet(Pp)', 25.00);
INSERT INTO Menu_Master(item_id, item_name, description, price) VALUES (681, 'CR', 'Packet(Pp)', 1.00);


---------------------------------
--INSERT SCRIPTS FOR TAGS TABLE--
---------------------------------
INSERT INTO Tags(tag_id, tag_name) VALUES(1, 'Veg');
INSERT INTO Tags(tag_id, tag_name) VALUES(2, 'Non Veg');
INSERT INTO Tags(tag_id, tag_name) VALUES(3, 'Soups');
INSERT INTO Tags(tag_id, tag_name) VALUES(4, 'From the Pantry');
INSERT INTO Tags(tag_id, tag_name) VALUES(5, 'Beverages');
INSERT INTO Tags(tag_id, tag_name) VALUES(6, 'Salads');
INSERT INTO Tags(tag_id, tag_name) VALUES(7, 'Dessert');
INSERT INTO Tags(tag_id, tag_name) VALUES(8, 'Snacks');
INSERT INTO Tags(tag_id, tag_name) VALUES(9, 'Egg Varieties');
INSERT INTO Tags(tag_id, tag_name) VALUES(10, 'ALa Carte Items');
INSERT INTO Tags(tag_id, tag_name) VALUES(11, 'Lunch');
INSERT INTO Tags(tag_id, tag_name) VALUES(12, 'Others');


----------------------------------------------
--INSERT SCRIPTS FOR MENU_TAGS_MAPPING TABLE--
----------------------------------------------
INSERT INTO Menu_Tags_Mapping(menu_tags_mapping_id, item_id, tag_ids) VALUES(1, 1, '1,5');
INSERT INTO Menu_Tags_Mapping(menu_tags_mapping_id, item_id, tag_ids) VALUES(2, 2, '1,5');
INSERT INTO Menu_Tags_Mapping(menu_tags_mapping_id, item_id, tag_ids) VALUES(3, 3, '1,5');
INSERT INTO Menu_Tags_Mapping(menu_tags_mapping_id, item_id, tag_ids) VALUES(4, 4, '1,5');
INSERT INTO Menu_Tags_Mapping(menu_tags_mapping_id, item_id, tag_ids) VALUES(5, 5, '1,5');
INSERT INTO Menu_Tags_Mapping(menu_tags_mapping_id, item_id, tag_ids) VALUES(6, 6, '1,5');
INSERT INTO Menu_Tags_Mapping(menu_tags_mapping_id, item_id, tag_ids) VALUES(7, 7, '1,5');
INSERT INTO Menu_Tags_Mapping(menu_tags_mapping_id, item_id, tag_ids) VALUES(8, 8, '1,5');
INSERT INTO Menu_Tags_Mapping(menu_tags_mapping_id, item_id, tag_ids) VALUES(9, 9, '1,5');
INSERT INTO Menu_Tags_Mapping(menu_tags_mapping_id, item_id, tag_ids) VALUES(10, 10, '1,5');
INSERT INTO Menu_Tags_Mapping(menu_tags_mapping_id, item_id, tag_ids) VALUES(11, 11, '1,5');
INSERT INTO Menu_Tags_Mapping(menu_tags_mapping_id, item_id, tag_ids) VALUES(12, 12, '1,5');
INSERT INTO Menu_Tags_Mapping(menu_tags_mapping_id, item_id, tag_ids) VALUES(13, 13, '1,5');
INSERT INTO Menu_Tags_Mapping(menu_tags_mapping_id, item_id, tag_ids) VALUES(14, 14, '1,5');
INSERT INTO Menu_Tags_Mapping(menu_tags_mapping_id, item_id, tag_ids) VALUES(15, 15, '1,4');
INSERT INTO Menu_Tags_Mapping(menu_tags_mapping_id, item_id, tag_ids) VALUES(16, 16, '1,4');
INSERT INTO Menu_Tags_Mapping(menu_tags_mapping_id, item_id, tag_ids) VALUES(17, 17, '1,4');
INSERT INTO Menu_Tags_Mapping(menu_tags_mapping_id, item_id, tag_ids) VALUES(18, 18, '1,4');
INSERT INTO Menu_Tags_Mapping(menu_tags_mapping_id, item_id, tag_ids) VALUES(19, 19, '1,4');
INSERT INTO Menu_Tags_Mapping(menu_tags_mapping_id, item_id, tag_ids) VALUES(20, 20, '1,4');
INSERT INTO Menu_Tags_Mapping(menu_tags_mapping_id, item_id, tag_ids) VALUES(21, 21, '1,4');
INSERT INTO Menu_Tags_Mapping(menu_tags_mapping_id, item_id, tag_ids) VALUES(22, 22, '1,4');
INSERT INTO Menu_Tags_Mapping(menu_tags_mapping_id, item_id, tag_ids) VALUES(23, 23, '1,4');
INSERT INTO Menu_Tags_Mapping(menu_tags_mapping_id, item_id, tag_ids) VALUES(24, 24, '2,4');
INSERT INTO Menu_Tags_Mapping(menu_tags_mapping_id, item_id, tag_ids) VALUES(25, 25, '2,4');
INSERT INTO Menu_Tags_Mapping(menu_tags_mapping_id, item_id, tag_ids) VALUES(26, 26, '2,4');
INSERT INTO Menu_Tags_Mapping(menu_tags_mapping_id, item_id, tag_ids) VALUES(27, 27, '2,4');
INSERT INTO Menu_Tags_Mapping(menu_tags_mapping_id, item_id, tag_ids) VALUES(28, 28, '1,4');
INSERT INTO Menu_Tags_Mapping(menu_tags_mapping_id, item_id, tag_ids) VALUES(29, 29, '1,4');
INSERT INTO Menu_Tags_Mapping(menu_tags_mapping_id, item_id, tag_ids) VALUES(30, 30, '1,4');
INSERT INTO Menu_Tags_Mapping(menu_tags_mapping_id, item_id, tag_ids) VALUES(31, 31, '1,4');
INSERT INTO Menu_Tags_Mapping(menu_tags_mapping_id, item_id, tag_ids) VALUES(32, 32, '1,4');
INSERT INTO Menu_Tags_Mapping(menu_tags_mapping_id, item_id, tag_ids) VALUES(33, 33, '1,4');
INSERT INTO Menu_Tags_Mapping(menu_tags_mapping_id, item_id, tag_ids) VALUES(34, 34, '1,3');
INSERT INTO Menu_Tags_Mapping(menu_tags_mapping_id, item_id, tag_ids) VALUES(35, 35, '1,3');
INSERT INTO Menu_Tags_Mapping(menu_tags_mapping_id, item_id, tag_ids) VALUES(36, 36, '1,3');
INSERT INTO Menu_Tags_Mapping(menu_tags_mapping_id, item_id, tag_ids) VALUES(37, 37, '1,3');
INSERT INTO Menu_Tags_Mapping(menu_tags_mapping_id, item_id, tag_ids) VALUES(38, 38, '1,3');
INSERT INTO Menu_Tags_Mapping(menu_tags_mapping_id, item_id, tag_ids) VALUES(39, 39, '1,3');
INSERT INTO Menu_Tags_Mapping(menu_tags_mapping_id, item_id, tag_ids) VALUES(40, 40, '1,3');
INSERT INTO Menu_Tags_Mapping(menu_tags_mapping_id, item_id, tag_ids) VALUES(41, 41, '1,3');
INSERT INTO Menu_Tags_Mapping(menu_tags_mapping_id, item_id, tag_ids) VALUES(42, 42, '1,3');
INSERT INTO Menu_Tags_Mapping(menu_tags_mapping_id, item_id, tag_ids) VALUES(43, 43, '1,3');
INSERT INTO Menu_Tags_Mapping(menu_tags_mapping_id, item_id, tag_ids) VALUES(44, 44, '1,3');
INSERT INTO Menu_Tags_Mapping(menu_tags_mapping_id, item_id, tag_ids) VALUES(45, 45, '1,3');
INSERT INTO Menu_Tags_Mapping(menu_tags_mapping_id, item_id, tag_ids) VALUES(46, 46, '1,6');
INSERT INTO Menu_Tags_Mapping(menu_tags_mapping_id, item_id, tag_ids) VALUES(47, 47, '1,6');
INSERT INTO Menu_Tags_Mapping(menu_tags_mapping_id, item_id, tag_ids) VALUES(48, 48, '1,6');
INSERT INTO Menu_Tags_Mapping(menu_tags_mapping_id, item_id, tag_ids) VALUES(49, 49, '1,6');
INSERT INTO Menu_Tags_Mapping(menu_tags_mapping_id, item_id, tag_ids) VALUES(50, 50, '1,6');
INSERT INTO Menu_Tags_Mapping(menu_tags_mapping_id, item_id, tag_ids) VALUES(51, 51, '1,6');
INSERT INTO Menu_Tags_Mapping(menu_tags_mapping_id, item_id, tag_ids) VALUES(52, 52, '1,6');
INSERT INTO Menu_Tags_Mapping(menu_tags_mapping_id, item_id, tag_ids) VALUES(53, 53, '1,7');
INSERT INTO Menu_Tags_Mapping(menu_tags_mapping_id, item_id, tag_ids) VALUES(54, 54, '1,7');
INSERT INTO Menu_Tags_Mapping(menu_tags_mapping_id, item_id, tag_ids) VALUES(55, 55, '1,7');
INSERT INTO Menu_Tags_Mapping(menu_tags_mapping_id, item_id, tag_ids) VALUES(56, 56, '1,7');
INSERT INTO Menu_Tags_Mapping(menu_tags_mapping_id, item_id, tag_ids) VALUES(57, 57, '1,7');
INSERT INTO Menu_Tags_Mapping(menu_tags_mapping_id, item_id, tag_ids) VALUES(58, 58, '1,7');
INSERT INTO Menu_Tags_Mapping(menu_tags_mapping_id, item_id, tag_ids) VALUES(59, 59, '1,7');
INSERT INTO Menu_Tags_Mapping(menu_tags_mapping_id, item_id, tag_ids) VALUES(60, 60, '1,7');
INSERT INTO Menu_Tags_Mapping(menu_tags_mapping_id, item_id, tag_ids) VALUES(61, 61, '1,7');
INSERT INTO Menu_Tags_Mapping(menu_tags_mapping_id, item_id, tag_ids) VALUES(62, 62, '1,8');
INSERT INTO Menu_Tags_Mapping(menu_tags_mapping_id, item_id, tag_ids) VALUES(63, 63, '1,8');
INSERT INTO Menu_Tags_Mapping(menu_tags_mapping_id, item_id, tag_ids) VALUES(64, 64, '1,8');
INSERT INTO Menu_Tags_Mapping(menu_tags_mapping_id, item_id, tag_ids) VALUES(65, 65, '1,8');
INSERT INTO Menu_Tags_Mapping(menu_tags_mapping_id, item_id, tag_ids) VALUES(66, 66, '1,8');
INSERT INTO Menu_Tags_Mapping(menu_tags_mapping_id, item_id, tag_ids) VALUES(67, 67, '1,8');
INSERT INTO Menu_Tags_Mapping(menu_tags_mapping_id, item_id, tag_ids) VALUES(68, 68, '1,8');
INSERT INTO Menu_Tags_Mapping(menu_tags_mapping_id, item_id, tag_ids) VALUES(69, 69, '1,8');
INSERT INTO Menu_Tags_Mapping(menu_tags_mapping_id, item_id, tag_ids) VALUES(70, 10, '1,8');
INSERT INTO Menu_Tags_Mapping(menu_tags_mapping_id, item_id, tag_ids) VALUES(71, 71, '1,8');
INSERT INTO Menu_Tags_Mapping(menu_tags_mapping_id, item_id, tag_ids) VALUES(72, 72, '1,8');
INSERT INTO Menu_Tags_Mapping(menu_tags_mapping_id, item_id, tag_ids) VALUES(73, 73, '1,8');
INSERT INTO Menu_Tags_Mapping(menu_tags_mapping_id, item_id, tag_ids) VALUES(74, 74, '1,8');
INSERT INTO Menu_Tags_Mapping(menu_tags_mapping_id, item_id, tag_ids) VALUES(75, 75, '1,8');
INSERT INTO Menu_Tags_Mapping(menu_tags_mapping_id, item_id, tag_ids) VALUES(76, 76, '1,8');
INSERT INTO Menu_Tags_Mapping(menu_tags_mapping_id, item_id, tag_ids) VALUES(77, 77, '1,8');
INSERT INTO Menu_Tags_Mapping(menu_tags_mapping_id, item_id, tag_ids) VALUES(78, 78, '1,8');
INSERT INTO Menu_Tags_Mapping(menu_tags_mapping_id, item_id, tag_ids) VALUES(79, 79, '1,8');
INSERT INTO Menu_Tags_Mapping(menu_tags_mapping_id, item_id, tag_ids) VALUES(80, 80, '1,8');
INSERT INTO Menu_Tags_Mapping(menu_tags_mapping_id, item_id, tag_ids) VALUES(81, 81, '1,8');
INSERT INTO Menu_Tags_Mapping(menu_tags_mapping_id, item_id, tag_ids) VALUES(82, 82, '1,8');
INSERT INTO Menu_Tags_Mapping(menu_tags_mapping_id, item_id, tag_ids) VALUES(83, 83, '1,8');
INSERT INTO Menu_Tags_Mapping(menu_tags_mapping_id, item_id, tag_ids) VALUES(84, 84, '1,8');
INSERT INTO Menu_Tags_Mapping(menu_tags_mapping_id, item_id, tag_ids) VALUES(85, 85, '1,8');
INSERT INTO Menu_Tags_Mapping(menu_tags_mapping_id, item_id, tag_ids) VALUES(86, 86, '1,8');
INSERT INTO Menu_Tags_Mapping(menu_tags_mapping_id, item_id, tag_ids) VALUES(87, 87, '1,8');
INSERT INTO Menu_Tags_Mapping(menu_tags_mapping_id, item_id, tag_ids) VALUES(88, 88, '1,8');
INSERT INTO Menu_Tags_Mapping(menu_tags_mapping_id, item_id, tag_ids) VALUES(89, 89, '1,8');
INSERT INTO Menu_Tags_Mapping(menu_tags_mapping_id, item_id, tag_ids) VALUES(90, 90, '1,8');
INSERT INTO Menu_Tags_Mapping(menu_tags_mapping_id, item_id, tag_ids) VALUES(91, 91, '1,8');
INSERT INTO Menu_Tags_Mapping(menu_tags_mapping_id, item_id, tag_ids) VALUES(92, 92, '1,8');
INSERT INTO Menu_Tags_Mapping(menu_tags_mapping_id, item_id, tag_ids) VALUES(93, 93, '1,8');
INSERT INTO Menu_Tags_Mapping(menu_tags_mapping_id, item_id, tag_ids) VALUES(94, 94, '1,8');
INSERT INTO Menu_Tags_Mapping(menu_tags_mapping_id, item_id, tag_ids) VALUES(95, 95, '1,8');
INSERT INTO Menu_Tags_Mapping(menu_tags_mapping_id, item_id, tag_ids) VALUES(96, 96, '1,8');
INSERT INTO Menu_Tags_Mapping(menu_tags_mapping_id, item_id, tag_ids) VALUES(97, 97, '1,8');
INSERT INTO Menu_Tags_Mapping(menu_tags_mapping_id, item_id, tag_ids) VALUES(98, 98, '1,8');
INSERT INTO Menu_Tags_Mapping(menu_tags_mapping_id, item_id, tag_ids) VALUES(99, 99, '2,8');
INSERT INTO Menu_Tags_Mapping(menu_tags_mapping_id, item_id, tag_ids) VALUES(100, 100, '2,9');
INSERT INTO Menu_Tags_Mapping(menu_tags_mapping_id, item_id, tag_ids) VALUES(101, 101, '2,9');
INSERT INTO Menu_Tags_Mapping(menu_tags_mapping_id, item_id, tag_ids) VALUES(102, 102, '2,9');
INSERT INTO Menu_Tags_Mapping(menu_tags_mapping_id, item_id, tag_ids) VALUES(103, 103, '2,9');
INSERT INTO Menu_Tags_Mapping(menu_tags_mapping_id, item_id, tag_ids) VALUES(104, 104, '2,9');
INSERT INTO Menu_Tags_Mapping(menu_tags_mapping_id, item_id, tag_ids) VALUES(105, 105, '1,10');
INSERT INTO Menu_Tags_Mapping(menu_tags_mapping_id, item_id, tag_ids) VALUES(106, 106, '1,10');
INSERT INTO Menu_Tags_Mapping(menu_tags_mapping_id, item_id, tag_ids) VALUES(107, 107, '1,10');
INSERT INTO Menu_Tags_Mapping(menu_tags_mapping_id, item_id, tag_ids) VALUES(108, 108, '1,10');
INSERT INTO Menu_Tags_Mapping(menu_tags_mapping_id, item_id, tag_ids) VALUES(109, 109, '1,10');
INSERT INTO Menu_Tags_Mapping(menu_tags_mapping_id, item_id, tag_ids) VALUES(110, 110, '1,10');
INSERT INTO Menu_Tags_Mapping(menu_tags_mapping_id, item_id, tag_ids) VALUES(111, 111, '1,10');
INSERT INTO Menu_Tags_Mapping(menu_tags_mapping_id, item_id, tag_ids) VALUES(112, 112, '1,10');
INSERT INTO Menu_Tags_Mapping(menu_tags_mapping_id, item_id, tag_ids) VALUES(113, 113, '1,10');
INSERT INTO Menu_Tags_Mapping(menu_tags_mapping_id, item_id, tag_ids) VALUES(114, 114, '1,10');
INSERT INTO Menu_Tags_Mapping(menu_tags_mapping_id, item_id, tag_ids) VALUES(115, 115, '1,10');
INSERT INTO Menu_Tags_Mapping(menu_tags_mapping_id, item_id, tag_ids) VALUES(116, 116, '1,11');
INSERT INTO Menu_Tags_Mapping(menu_tags_mapping_id, item_id, tag_ids) VALUES(117, 117, '1,11');
INSERT INTO Menu_Tags_Mapping(menu_tags_mapping_id, item_id, tag_ids) VALUES(118, 118, '1,11');
INSERT INTO Menu_Tags_Mapping(menu_tags_mapping_id, item_id, tag_ids) VALUES(119, 119, '1,11');
INSERT INTO Menu_Tags_Mapping(menu_tags_mapping_id, item_id, tag_ids) VALUES(120, 120, '2,11');
INSERT INTO Menu_Tags_Mapping(menu_tags_mapping_id, item_id, tag_ids) VALUES(121, 121, '1,12');
INSERT INTO Menu_Tags_Mapping(menu_tags_mapping_id, item_id, tag_ids) VALUES(122, 122, '1,12');
INSERT INTO Menu_Tags_Mapping(menu_tags_mapping_id, item_id, tag_ids) VALUES(123, 123, '1,12');
INSERT INTO Menu_Tags_Mapping(menu_tags_mapping_id, item_id, tag_ids) VALUES(124, 124, '1,12');
INSERT INTO Menu_Tags_Mapping(menu_tags_mapping_id, item_id, tag_ids) VALUES(125, 125, '1,12');
INSERT INTO Menu_Tags_Mapping(menu_tags_mapping_id, item_id, tag_ids) VALUES(126, 126, '1,12');
INSERT INTO Menu_Tags_Mapping(menu_tags_mapping_id, item_id, tag_ids) VALUES(127, 127, '1,12');
INSERT INTO Menu_Tags_Mapping(menu_tags_mapping_id, item_id, tag_ids) VALUES(128, 128, '1,12');
INSERT INTO Menu_Tags_Mapping(menu_tags_mapping_id, item_id, tag_ids) VALUES(129, 129, '1,12');
INSERT INTO Menu_Tags_Mapping(menu_tags_mapping_id, item_id, tag_ids) VALUES(130, 130, '1,12');
--INSERT INTO Menu_Tags_Mapping(menu_tags_mapping_id, item_id, tag_ids) VALUES (131, 131, '');
INSERT INTO Menu_Tags_Mapping(menu_tags_mapping_id, item_id, tag_ids) VALUES (132, 132, '5');
INSERT INTO Menu_Tags_Mapping(menu_tags_mapping_id, item_id, tag_ids) VALUES (133, 133, '5');
INSERT INTO Menu_Tags_Mapping(menu_tags_mapping_id, item_id, tag_ids) VALUES (134, 134, '5');
INSERT INTO Menu_Tags_Mapping(menu_tags_mapping_id, item_id, tag_ids) VALUES (135, 135, '5');
INSERT INTO Menu_Tags_Mapping(menu_tags_mapping_id, item_id, tag_ids) VALUES (136, 136, '5');
INSERT INTO Menu_Tags_Mapping(menu_tags_mapping_id, item_id, tag_ids) VALUES (137, 137, '5');
INSERT INTO Menu_Tags_Mapping(menu_tags_mapping_id, item_id, tag_ids) VALUES (138, 138, '5');
INSERT INTO Menu_Tags_Mapping(menu_tags_mapping_id, item_id, tag_ids) VALUES (139, 139, '5');
INSERT INTO Menu_Tags_Mapping(menu_tags_mapping_id, item_id, tag_ids) VALUES (140, 140, '5');
INSERT INTO Menu_Tags_Mapping(menu_tags_mapping_id, item_id, tag_ids) VALUES (141, 141, '3');
INSERT INTO Menu_Tags_Mapping(menu_tags_mapping_id, item_id, tag_ids) VALUES (142, 142, '5');
INSERT INTO Menu_Tags_Mapping(menu_tags_mapping_id, item_id, tag_ids) VALUES (143, 143, '3');
INSERT INTO Menu_Tags_Mapping(menu_tags_mapping_id, item_id, tag_ids) VALUES (144, 144, '3');
INSERT INTO Menu_Tags_Mapping(menu_tags_mapping_id, item_id, tag_ids) VALUES (145, 145, '12');
INSERT INTO Menu_Tags_Mapping(menu_tags_mapping_id, item_id, tag_ids) VALUES (146, 146, '12');
INSERT INTO Menu_Tags_Mapping(menu_tags_mapping_id, item_id, tag_ids) VALUES (147, 147, '7');
INSERT INTO Menu_Tags_Mapping(menu_tags_mapping_id, item_id, tag_ids) VALUES (148, 148, '5');
INSERT INTO Menu_Tags_Mapping(menu_tags_mapping_id, item_id, tag_ids) VALUES (149, 149, '8');
INSERT INTO Menu_Tags_Mapping(menu_tags_mapping_id, item_id, tag_ids) VALUES (150, 150, '12');
INSERT INTO Menu_Tags_Mapping(menu_tags_mapping_id, item_id, tag_ids) VALUES (151, 151, '7');
INSERT INTO Menu_Tags_Mapping(menu_tags_mapping_id, item_id, tag_ids) VALUES (152, 152, '7');
INSERT INTO Menu_Tags_Mapping(menu_tags_mapping_id, item_id, tag_ids) VALUES (153, 153, '1,6');
INSERT INTO Menu_Tags_Mapping(menu_tags_mapping_id, item_id, tag_ids) VALUES (154, 154, '1,8');
INSERT INTO Menu_Tags_Mapping(menu_tags_mapping_id, item_id, tag_ids) VALUES (155, 155, '1,8');
INSERT INTO Menu_Tags_Mapping(menu_tags_mapping_id, item_id, tag_ids) VALUES (156, 156, '1,8');
INSERT INTO Menu_Tags_Mapping(menu_tags_mapping_id, item_id, tag_ids) VALUES (157, 157, '1,8');
INSERT INTO Menu_Tags_Mapping(menu_tags_mapping_id, item_id, tag_ids) VALUES (158, 158, '1,8');
INSERT INTO Menu_Tags_Mapping(menu_tags_mapping_id, item_id, tag_ids) VALUES (159, 159, '1,8');
INSERT INTO Menu_Tags_Mapping(menu_tags_mapping_id, item_id, tag_ids) VALUES (160, 160, '1,8');
INSERT INTO Menu_Tags_Mapping(menu_tags_mapping_id, item_id, tag_ids) VALUES (161, 161, '1,8');
INSERT INTO Menu_Tags_Mapping(menu_tags_mapping_id, item_id, tag_ids) VALUES (162, 162, '1,8');
INSERT INTO Menu_Tags_Mapping(menu_tags_mapping_id, item_id, tag_ids) VALUES (163, 163, '1,8');
INSERT INTO Menu_Tags_Mapping(menu_tags_mapping_id, item_id, tag_ids) VALUES (164, 164, '1,8');
INSERT INTO Menu_Tags_Mapping(menu_tags_mapping_id, item_id, tag_ids) VALUES (165, 165, '1,8');
INSERT INTO Menu_Tags_Mapping(menu_tags_mapping_id, item_id, tag_ids) VALUES (166, 166, '1,8');
INSERT INTO Menu_Tags_Mapping(menu_tags_mapping_id, item_id, tag_ids) VALUES (167, 167, '1,8');
INSERT INTO Menu_Tags_Mapping(menu_tags_mapping_id, item_id, tag_ids) VALUES (168, 168, '1,8');
INSERT INTO Menu_Tags_Mapping(menu_tags_mapping_id, item_id, tag_ids) VALUES (169, 169, '1,8');
INSERT INTO Menu_Tags_Mapping(menu_tags_mapping_id, item_id, tag_ids) VALUES (170, 170, '1,8');
INSERT INTO Menu_Tags_Mapping(menu_tags_mapping_id, item_id, tag_ids) VALUES (171, 171, '1,8');
INSERT INTO Menu_Tags_Mapping(menu_tags_mapping_id, item_id, tag_ids) VALUES (172, 172, '1,8');
INSERT INTO Menu_Tags_Mapping(menu_tags_mapping_id, item_id, tag_ids) VALUES (173, 173, '1,8');
INSERT INTO Menu_Tags_Mapping(menu_tags_mapping_id, item_id, tag_ids) VALUES (174, 174, '2,9');
INSERT INTO Menu_Tags_Mapping(menu_tags_mapping_id, item_id, tag_ids) VALUES (175, 175, '2,9');
INSERT INTO Menu_Tags_Mapping(menu_tags_mapping_id, item_id, tag_ids) VALUES (176, 176, '2,9');
INSERT INTO Menu_Tags_Mapping(menu_tags_mapping_id, item_id, tag_ids) VALUES (177, 177, '2,9');
INSERT INTO Menu_Tags_Mapping(menu_tags_mapping_id, item_id, tag_ids) VALUES (178, 178, '2,9');
INSERT INTO Menu_Tags_Mapping(menu_tags_mapping_id, item_id, tag_ids) VALUES (179, 179, '2,9');
INSERT INTO Menu_Tags_Mapping(menu_tags_mapping_id, item_id, tag_ids) VALUES (180, 180, '2,9');
INSERT INTO Menu_Tags_Mapping(menu_tags_mapping_id, item_id, tag_ids) VALUES (181, 181, '2,9');
INSERT INTO Menu_Tags_Mapping(menu_tags_mapping_id, item_id, tag_ids) VALUES (182, 182, '1,4');
INSERT INTO Menu_Tags_Mapping(menu_tags_mapping_id, item_id, tag_ids) VALUES (183, 183, '1,4');
INSERT INTO Menu_Tags_Mapping(menu_tags_mapping_id, item_id, tag_ids) VALUES (184, 184, '1,8');
INSERT INTO Menu_Tags_Mapping(menu_tags_mapping_id, item_id, tag_ids) VALUES (185, 185, '2,8');
INSERT INTO Menu_Tags_Mapping(menu_tags_mapping_id, item_id, tag_ids) VALUES (186, 186, '1,8');
INSERT INTO Menu_Tags_Mapping(menu_tags_mapping_id, item_id, tag_ids) VALUES (187, 187, '2,8');
INSERT INTO Menu_Tags_Mapping(menu_tags_mapping_id, item_id, tag_ids) VALUES (188, 188, '2,8');
INSERT INTO Menu_Tags_Mapping(menu_tags_mapping_id, item_id, tag_ids) VALUES (189, 189, '2,8');
INSERT INTO Menu_Tags_Mapping(menu_tags_mapping_id, item_id, tag_ids) VALUES (190, 190, '1,8');
INSERT INTO Menu_Tags_Mapping(menu_tags_mapping_id, item_id, tag_ids) VALUES (191, 191, '1,10');
INSERT INTO Menu_Tags_Mapping(menu_tags_mapping_id, item_id, tag_ids) VALUES (192, 192, '1,10');
INSERT INTO Menu_Tags_Mapping(menu_tags_mapping_id, item_id, tag_ids) VALUES (193, 193, '1,10');
INSERT INTO Menu_Tags_Mapping(menu_tags_mapping_id, item_id, tag_ids) VALUES (194, 194, '1,10');
INSERT INTO Menu_Tags_Mapping(menu_tags_mapping_id, item_id, tag_ids) VALUES (195, 195, '1,8');
INSERT INTO Menu_Tags_Mapping(menu_tags_mapping_id, item_id, tag_ids) VALUES (196, 196, '1,8');
INSERT INTO Menu_Tags_Mapping(menu_tags_mapping_id, item_id, tag_ids) VALUES (197, 197, '1,8');
INSERT INTO Menu_Tags_Mapping(menu_tags_mapping_id, item_id, tag_ids) VALUES (198, 198, '1,8');
INSERT INTO Menu_Tags_Mapping(menu_tags_mapping_id, item_id, tag_ids) VALUES (199, 199, '1,8');
INSERT INTO Menu_Tags_Mapping(menu_tags_mapping_id, item_id, tag_ids) VALUES (200, 200, '1,8');
INSERT INTO Menu_Tags_Mapping(menu_tags_mapping_id, item_id, tag_ids) VALUES (201, 201, '1,8');
INSERT INTO Menu_Tags_Mapping(menu_tags_mapping_id, item_id, tag_ids) VALUES (202, 202, '1,8');
INSERT INTO Menu_Tags_Mapping(menu_tags_mapping_id, item_id, tag_ids) VALUES (203, 203, '1,8');
INSERT INTO Menu_Tags_Mapping(menu_tags_mapping_id, item_id, tag_ids) VALUES (204, 204, '1,8');
INSERT INTO Menu_Tags_Mapping(menu_tags_mapping_id, item_id, tag_ids) VALUES (205, 205, '1,8');
INSERT INTO Menu_Tags_Mapping(menu_tags_mapping_id, item_id, tag_ids) VALUES (206, 206, '1,8');
INSERT INTO Menu_Tags_Mapping(menu_tags_mapping_id, item_id, tag_ids) VALUES (207, 207, '1,8');
INSERT INTO Menu_Tags_Mapping(menu_tags_mapping_id, item_id, tag_ids) VALUES (208, 208, '1,8');
--INSERT INTO Menu_Tags_Mapping(menu_tags_mapping_id, item_id, tag_ids) VALUES (209, 209, '');
--INSERT INTO Menu_Tags_Mapping(menu_tags_mapping_id, item_id, tag_ids) VALUES (210, 210, '');
INSERT INTO Menu_Tags_Mapping(menu_tags_mapping_id, item_id, tag_ids) VALUES (211, 211, '1,8');
INSERT INTO Menu_Tags_Mapping(menu_tags_mapping_id, item_id, tag_ids) VALUES (212, 212, '1,8');
INSERT INTO Menu_Tags_Mapping(menu_tags_mapping_id, item_id, tag_ids) VALUES (213, 213, '1,8');
INSERT INTO Menu_Tags_Mapping(menu_tags_mapping_id, item_id, tag_ids) VALUES (214, 214, '2,8');
INSERT INTO Menu_Tags_Mapping(menu_tags_mapping_id, item_id, tag_ids) VALUES (215, 215, '2,8');
INSERT INTO Menu_Tags_Mapping(menu_tags_mapping_id, item_id, tag_ids) VALUES (216, 216, '2,8');
INSERT INTO Menu_Tags_Mapping(menu_tags_mapping_id, item_id, tag_ids) VALUES (217, 217, '1,8');
INSERT INTO Menu_Tags_Mapping(menu_tags_mapping_id, item_id, tag_ids) VALUES (218, 218, '1,8');
INSERT INTO Menu_Tags_Mapping(menu_tags_mapping_id, item_id, tag_ids) VALUES (219, 219, '12');
INSERT INTO Menu_Tags_Mapping(menu_tags_mapping_id, item_id, tag_ids) VALUES (220, 220, '12');
INSERT INTO Menu_Tags_Mapping(menu_tags_mapping_id, item_id, tag_ids) VALUES (221, 221, '12');
INSERT INTO Menu_Tags_Mapping(menu_tags_mapping_id, item_id, tag_ids) VALUES (222, 222, '1,8');
--INSERT INTO Menu_Tags_Mapping(menu_tags_mapping_id, item_id, tag_ids) VALUES (223, 223, '');
--INSERT INTO Menu_Tags_Mapping(menu_tags_mapping_id, item_id, tag_ids) VALUES (224, 224, '');
--INSERT INTO Menu_Tags_Mapping(menu_tags_mapping_id, item_id, tag_ids) VALUES (225, 225, '');
--INSERT INTO Menu_Tags_Mapping(menu_tags_mapping_id, item_id, tag_ids) VALUES (226, 226, '');
--INSERT INTO Menu_Tags_Mapping(menu_tags_mapping_id, item_id, tag_ids) VALUES (227, 227, '');
--INSERT INTO Menu_Tags_Mapping(menu_tags_mapping_id, item_id, tag_ids) VALUES (228, 228, '');
--INSERT INTO Menu_Tags_Mapping(menu_tags_mapping_id, item_id, tag_ids) VALUES (229, 229, '');
--INSERT INTO Menu_Tags_Mapping(menu_tags_mapping_id, item_id, tag_ids) VALUES (230, 230, '');
INSERT INTO Menu_Tags_Mapping(menu_tags_mapping_id, item_id, tag_ids) VALUES (231, 231, '1,11');
INSERT INTO Menu_Tags_Mapping(menu_tags_mapping_id, item_id, tag_ids) VALUES (232, 232, '2,11');
INSERT INTO Menu_Tags_Mapping(menu_tags_mapping_id, item_id, tag_ids) VALUES (233, 233, '1,11');
INSERT INTO Menu_Tags_Mapping(menu_tags_mapping_id, item_id, tag_ids) VALUES (234, 234, '2,11');
INSERT INTO Menu_Tags_Mapping(menu_tags_mapping_id, item_id, tag_ids) VALUES (235, 235, '1,11');
INSERT INTO Menu_Tags_Mapping(menu_tags_mapping_id, item_id, tag_ids) VALUES (236, 236, '1,11');
INSERT INTO Menu_Tags_Mapping(menu_tags_mapping_id, item_id, tag_ids) VALUES (237, 237, '1,11');
INSERT INTO Menu_Tags_Mapping(menu_tags_mapping_id, item_id, tag_ids) VALUES (238, 238, '1,11');
INSERT INTO Menu_Tags_Mapping(menu_tags_mapping_id, item_id, tag_ids) VALUES (239, 239, '2,11');
INSERT INTO Menu_Tags_Mapping(menu_tags_mapping_id, item_id, tag_ids) VALUES (240, 240, '2,11');
INSERT INTO Menu_Tags_Mapping(menu_tags_mapping_id, item_id, tag_ids) VALUES (241, 241, '1,11');
INSERT INTO Menu_Tags_Mapping(menu_tags_mapping_id, item_id, tag_ids) VALUES (242, 242, '1,11');
INSERT INTO Menu_Tags_Mapping(menu_tags_mapping_id, item_id, tag_ids) VALUES (243, 243, '1,11');
INSERT INTO Menu_Tags_Mapping(menu_tags_mapping_id, item_id, tag_ids) VALUES (244, 244, '2,11');
INSERT INTO Menu_Tags_Mapping(menu_tags_mapping_id, item_id, tag_ids) VALUES (245, 245, '1,11');
INSERT INTO Menu_Tags_Mapping(menu_tags_mapping_id, item_id, tag_ids) VALUES (246, 246, '2,11');
INSERT INTO Menu_Tags_Mapping(menu_tags_mapping_id, item_id, tag_ids) VALUES (247, 247, '2,11');
--INSERT INTO Menu_Tags_Mapping(menu_tags_mapping_id, item_id, tag_ids) VALUES (248, 248, '');
--INSERT INTO Menu_Tags_Mapping(menu_tags_mapping_id, item_id, tag_ids) VALUES (249, 249, '');
--INSERT INTO Menu_Tags_Mapping(menu_tags_mapping_id, item_id, tag_ids) VALUES (250, 250, '');
INSERT INTO Menu_Tags_Mapping(menu_tags_mapping_id, item_id, tag_ids) VALUES (251, 251, '1,11');
INSERT INTO Menu_Tags_Mapping(menu_tags_mapping_id, item_id, tag_ids) VALUES (252, 252, '1,11');
INSERT INTO Menu_Tags_Mapping(menu_tags_mapping_id, item_id, tag_ids) VALUES (253, 253, '1,11');
INSERT INTO Menu_Tags_Mapping(menu_tags_mapping_id, item_id, tag_ids) VALUES (254, 254, '1,11');
INSERT INTO Menu_Tags_Mapping(menu_tags_mapping_id, item_id, tag_ids) VALUES (255, 255, '1,11');
INSERT INTO Menu_Tags_Mapping(menu_tags_mapping_id, item_id, tag_ids) VALUES (256, 256, '1,11');
INSERT INTO Menu_Tags_Mapping(menu_tags_mapping_id, item_id, tag_ids) VALUES (257, 257, '1,11');
INSERT INTO Menu_Tags_Mapping(menu_tags_mapping_id, item_id, tag_ids) VALUES (258, 258, '1,11');
INSERT INTO Menu_Tags_Mapping(menu_tags_mapping_id, item_id, tag_ids) VALUES (259, 259, '2,11');
INSERT INTO Menu_Tags_Mapping(menu_tags_mapping_id, item_id, tag_ids) VALUES (260, 260, '2,11');
INSERT INTO Menu_Tags_Mapping(menu_tags_mapping_id, item_id, tag_ids) VALUES (261, 261, '2,11'); 
INSERT INTO Menu_Tags_Mapping(menu_tags_mapping_id, item_id, tag_ids) VALUES (262, 262, '2,11'); 
INSERT INTO Menu_Tags_Mapping(menu_tags_mapping_id, item_id, tag_ids) VALUES (263, 263, '1,11'); 
INSERT INTO Menu_Tags_Mapping(menu_tags_mapping_id, item_id, tag_ids) VALUES (264, 264, '1,11'); 
INSERT INTO Menu_Tags_Mapping(menu_tags_mapping_id, item_id, tag_ids) VALUES (265, 265, '1,11'); 
INSERT INTO Menu_Tags_Mapping(menu_tags_mapping_id, item_id, tag_ids) VALUES (266, 266, '1,11'); 
INSERT INTO Menu_Tags_Mapping(menu_tags_mapping_id, item_id, tag_ids) VALUES (267, 267, '1,11'); 
INSERT INTO Menu_Tags_Mapping(menu_tags_mapping_id, item_id, tag_ids) VALUES (268, 268, '1,11'); 
INSERT INTO Menu_Tags_Mapping(menu_tags_mapping_id, item_id, tag_ids) VALUES (269, 269, '1,11'); 
INSERT INTO Menu_Tags_Mapping(menu_tags_mapping_id, item_id, tag_ids) VALUES (270, 270, '2,11'); 
INSERT INTO Menu_Tags_Mapping(menu_tags_mapping_id, item_id, tag_ids) VALUES (271, 271, '2,11'); 
INSERT INTO Menu_Tags_Mapping(menu_tags_mapping_id, item_id, tag_ids) VALUES (272, 272, '2,11'); 
INSERT INTO Menu_Tags_Mapping(menu_tags_mapping_id, item_id, tag_ids) VALUES (273, 273, '1,10'); 
INSERT INTO Menu_Tags_Mapping(menu_tags_mapping_id, item_id, tag_ids) VALUES (274, 274, '1,10'); 
INSERT INTO Menu_Tags_Mapping(menu_tags_mapping_id, item_id, tag_ids) VALUES (275, 275, '1,10'); 
INSERT INTO Menu_Tags_Mapping(menu_tags_mapping_id, item_id, tag_ids) VALUES (276, 276, '1,10'); 
INSERT INTO Menu_Tags_Mapping(menu_tags_mapping_id, item_id, tag_ids) VALUES (277, 277, '1,10'); 
INSERT INTO Menu_Tags_Mapping(menu_tags_mapping_id, item_id, tag_ids) VALUES (278, 278, '1,10'); 
INSERT INTO Menu_Tags_Mapping(menu_tags_mapping_id, item_id, tag_ids) VALUES (279, 279, '1,10'); 
INSERT INTO Menu_Tags_Mapping(menu_tags_mapping_id, item_id, tag_ids) VALUES (280, 280, '1,10'); 
INSERT INTO Menu_Tags_Mapping(menu_tags_mapping_id, item_id, tag_ids) VALUES (281, 281, '1,10'); 
INSERT INTO Menu_Tags_Mapping(menu_tags_mapping_id, item_id, tag_ids) VALUES (282, 282, '1,10'); 
INSERT INTO Menu_Tags_Mapping(menu_tags_mapping_id, item_id, tag_ids) VALUES (283, 283, '2,10');
INSERT INTO Menu_Tags_Mapping(menu_tags_mapping_id, item_id, tag_ids) VALUES (284, 284, '2,11');
INSERT INTO Menu_Tags_Mapping(menu_tags_mapping_id, item_id, tag_ids) VALUES (285, 285, '2,11');
INSERT INTO Menu_Tags_Mapping(menu_tags_mapping_id, item_id, tag_ids) VALUES (286, 286, '2,11');
INSERT INTO Menu_Tags_Mapping(menu_tags_mapping_id, item_id, tag_ids) VALUES (287, 287, '2,11');
--INSERT INTO Menu_Tags_Mapping(menu_tags_mapping_id, item_id, tag_ids) VALUES (288, 288, '');
--INSERT INTO Menu_Tags_Mapping(menu_tags_mapping_id, item_id, tag_ids) VALUES (289, 289, '');
--INSERT INTO Menu_Tags_Mapping(menu_tags_mapping_id, item_id, tag_ids) VALUES (290, 290, '');
INSERT INTO Menu_Tags_Mapping(menu_tags_mapping_id, item_id, tag_ids) VALUES (291, 291, '1,11');
INSERT INTO Menu_Tags_Mapping(menu_tags_mapping_id, item_id, tag_ids) VALUES (292, 292, '2,11');
INSERT INTO Menu_Tags_Mapping(menu_tags_mapping_id, item_id, tag_ids) VALUES (293, 293, '1,11');
INSERT INTO Menu_Tags_Mapping(menu_tags_mapping_id, item_id, tag_ids) VALUES (294, 294, '2,11');
INSERT INTO Menu_Tags_Mapping(menu_tags_mapping_id, item_id, tag_ids) VALUES (295, 295, '1,11');
INSERT INTO Menu_Tags_Mapping(menu_tags_mapping_id, item_id, tag_ids) VALUES (296, 296, '2,11');
INSERT INTO Menu_Tags_Mapping(menu_tags_mapping_id, item_id, tag_ids) VALUES (297, 297, '2,11');
INSERT INTO Menu_Tags_Mapping(menu_tags_mapping_id, item_id, tag_ids) VALUES (298, 298, '1,11');
INSERT INTO Menu_Tags_Mapping(menu_tags_mapping_id, item_id, tag_ids) VALUES (299, 299, '1,11');
INSERT INTO Menu_Tags_Mapping(menu_tags_mapping_id, item_id, tag_ids) VALUES (300, 300, '1,11');
INSERT INTO Menu_Tags_Mapping(menu_tags_mapping_id, item_id, tag_ids) VALUES (301, 301, '2,11');
INSERT INTO Menu_Tags_Mapping(menu_tags_mapping_id, item_id, tag_ids) VALUES (302, 302, '2,11');
INSERT INTO Menu_Tags_Mapping(menu_tags_mapping_id, item_id, tag_ids) VALUES (303, 303, '1,11');
INSERT INTO Menu_Tags_Mapping(menu_tags_mapping_id, item_id, tag_ids) VALUES (304, 304, '1,11');
INSERT INTO Menu_Tags_Mapping(menu_tags_mapping_id, item_id, tag_ids) VALUES (305, 305, '2,11');
INSERT INTO Menu_Tags_Mapping(menu_tags_mapping_id, item_id, tag_ids) VALUES (306, 306, '2,11');
INSERT INTO Menu_Tags_Mapping(menu_tags_mapping_id, item_id, tag_ids) VALUES (307, 307, '2,11');
INSERT INTO Menu_Tags_Mapping(menu_tags_mapping_id, item_id, tag_ids) VALUES (308, 308, '2,11');
INSERT INTO Menu_Tags_Mapping(menu_tags_mapping_id, item_id, tag_ids) VALUES (309, 309, '1,11');
INSERT INTO Menu_Tags_Mapping(menu_tags_mapping_id, item_id, tag_ids) VALUES (310, 310, '1,11');
INSERT INTO Menu_Tags_Mapping(menu_tags_mapping_id, item_id, tag_ids) VALUES (311, 311, '1,11');
INSERT INTO Menu_Tags_Mapping(menu_tags_mapping_id, item_id, tag_ids) VALUES (312, 312, '1,11');
INSERT INTO Menu_Tags_Mapping(menu_tags_mapping_id, item_id, tag_ids) VALUES (313, 313, '1,11');
INSERT INTO Menu_Tags_Mapping(menu_tags_mapping_id, item_id, tag_ids) VALUES (314, 314, '2,11');
INSERT INTO Menu_Tags_Mapping(menu_tags_mapping_id, item_id, tag_ids) VALUES (315, 315, '2,11');
INSERT INTO Menu_Tags_Mapping(menu_tags_mapping_id, item_id, tag_ids) VALUES (316, 316, '2,11');
INSERT INTO Menu_Tags_Mapping(menu_tags_mapping_id, item_id, tag_ids) VALUES (317, 317, '1,11');
INSERT INTO Menu_Tags_Mapping(menu_tags_mapping_id, item_id, tag_ids) VALUES (318, 318, '1,11');
INSERT INTO Menu_Tags_Mapping(menu_tags_mapping_id, item_id, tag_ids) VALUES (319, 319, '2,11');
--INSERT INTO Menu_Tags_Mapping(menu_tags_mapping_id, item_id, tag_ids) VALUES (320, 320, '');
--INSERT INTO Menu_Tags_Mapping(menu_tags_mapping_id, item_id, tag_ids) VALUES (321, 321, '');
--INSERT INTO Menu_Tags_Mapping(menu_tags_mapping_id, item_id, tag_ids) VALUES (322, 322, '');
--INSERT INTO Menu_Tags_Mapping(menu_tags_mapping_id, item_id, tag_ids) VALUES (323, 323, '');
--INSERT INTO Menu_Tags_Mapping(menu_tags_mapping_id, item_id, tag_ids) VALUES (324, 324, '');
--INSERT INTO Menu_Tags_Mapping(menu_tags_mapping_id, item_id, tag_ids) VALUES (325, 325, '');
--INSERT INTO Menu_Tags_Mapping(menu_tags_mapping_id, item_id, tag_ids) VALUES (326, 326, '');
--INSERT INTO Menu_Tags_Mapping(menu_tags_mapping_id, item_id, tag_ids) VALUES (327, 327, '');
--INSERT INTO Menu_Tags_Mapping(menu_tags_mapping_id, item_id, tag_ids) VALUES (328, 328, '');
--INSERT INTO Menu_Tags_Mapping(menu_tags_mapping_id, item_id, tag_ids) VALUES (329, 329, '');
--INSERT INTO Menu_Tags_Mapping(menu_tags_mapping_id, item_id, tag_ids) VALUES (330, 330, '');
INSERT INTO Menu_Tags_Mapping(menu_tags_mapping_id, item_id, tag_ids) VALUES (331, 331, '1,4');
INSERT INTO Menu_Tags_Mapping(menu_tags_mapping_id, item_id, tag_ids) VALUES (332, 332, '2,4');
INSERT INTO Menu_Tags_Mapping(menu_tags_mapping_id, item_id, tag_ids) VALUES (333, 333, '1,4');
INSERT INTO Menu_Tags_Mapping(menu_tags_mapping_id, item_id, tag_ids) VALUES (334, 334, '2,4');
INSERT INTO Menu_Tags_Mapping(menu_tags_mapping_id, item_id, tag_ids) VALUES (335, 335, '1,4');
INSERT INTO Menu_Tags_Mapping(menu_tags_mapping_id, item_id, tag_ids) VALUES (336, 336, '2,4');
INSERT INTO Menu_Tags_Mapping(menu_tags_mapping_id, item_id, tag_ids) VALUES (337, 337, '1,4');
INSERT INTO Menu_Tags_Mapping(menu_tags_mapping_id, item_id, tag_ids) VALUES (338, 338, '');
--INSERT INTO Menu_Tags_Mapping(menu_tags_mapping_id, item_id, tag_ids) VALUES (339, 339, '');
--INSERT INTO Menu_Tags_Mapping(menu_tags_mapping_id, item_id, tag_ids) VALUES (340, 340, '');
INSERT INTO Menu_Tags_Mapping(menu_tags_mapping_id, item_id, tag_ids) VALUES (341, 341, '1,4');
INSERT INTO Menu_Tags_Mapping(menu_tags_mapping_id, item_id, tag_ids) VALUES (342, 342, '1,4');
INSERT INTO Menu_Tags_Mapping(menu_tags_mapping_id, item_id, tag_ids) VALUES (343, 343, '1,4');
INSERT INTO Menu_Tags_Mapping(menu_tags_mapping_id, item_id, tag_ids) VALUES (344, 344, '1,4');
INSERT INTO Menu_Tags_Mapping(menu_tags_mapping_id, item_id, tag_ids) VALUES (345, 345, '1,4');
INSERT INTO Menu_Tags_Mapping(menu_tags_mapping_id, item_id, tag_ids) VALUES (346, 346, '1,4');
INSERT INTO Menu_Tags_Mapping(menu_tags_mapping_id, item_id, tag_ids) VALUES (347, 347, '1,4');
INSERT INTO Menu_Tags_Mapping(menu_tags_mapping_id, item_id, tag_ids) VALUES (348, 348, '1,4');
INSERT INTO Menu_Tags_Mapping(menu_tags_mapping_id, item_id, tag_ids) VALUES (349, 349, '1,4');
INSERT INTO Menu_Tags_Mapping(menu_tags_mapping_id, item_id, tag_ids) VALUES (350, 350, '1,4');
INSERT INTO Menu_Tags_Mapping(menu_tags_mapping_id, item_id, tag_ids) VALUES (351, 351, '1,4');
INSERT INTO Menu_Tags_Mapping(menu_tags_mapping_id, item_id, tag_ids) VALUES (352, 352, '1,4');
INSERT INTO Menu_Tags_Mapping(menu_tags_mapping_id, item_id, tag_ids) VALUES (353, 353, '2,4');
INSERT INTO Menu_Tags_Mapping(menu_tags_mapping_id, item_id, tag_ids) VALUES (354, 354, '2,4');
INSERT INTO Menu_Tags_Mapping(menu_tags_mapping_id, item_id, tag_ids) VALUES (355, 355, '2,4');
INSERT INTO Menu_Tags_Mapping(menu_tags_mapping_id, item_id, tag_ids) VALUES (356, 356, '1,4');
INSERT INTO Menu_Tags_Mapping(menu_tags_mapping_id, item_id, tag_ids) VALUES (357, 357, '1,4');
INSERT INTO Menu_Tags_Mapping(menu_tags_mapping_id, item_id, tag_ids) VALUES (358, 358, '1,4');
--INSERT INTO Menu_Tags_Mapping(menu_tags_mapping_id, item_id, tag_ids) VALUES (359, 359, '');
--INSERT INTO Menu_Tags_Mapping(menu_tags_mapping_id, item_id, tag_ids) VALUES (360, 360, '');
--INSERT INTO Menu_Tags_Mapping(menu_tags_mapping_id, item_id, tag_ids) VALUES (361, 361, '');
--INSERT INTO Menu_Tags_Mapping(menu_tags_mapping_id, item_id, tag_ids) VALUES (362, 362, '');
--INSERT INTO Menu_Tags_Mapping(menu_tags_mapping_id, item_id, tag_ids) VALUES (363, 363, '');
--INSERT INTO Menu_Tags_Mapping(menu_tags_mapping_id, item_id, tag_ids) VALUES (364, 364, '');
--INSERT INTO Menu_Tags_Mapping(menu_tags_mapping_id, item_id, tag_ids) VALUES (365, 365, '');
--INSERT INTO Menu_Tags_Mapping(menu_tags_mapping_id, item_id, tag_ids) VALUES (366, 366, '');
--INSERT INTO Menu_Tags_Mapping(menu_tags_mapping_id, item_id, tag_ids) VALUES (367, 367, '');
--INSERT INTO Menu_Tags_Mapping(menu_tags_mapping_id, item_id, tag_ids) VALUES (368, 368, '');
--INSERT INTO Menu_Tags_Mapping(menu_tags_mapping_id, item_id, tag_ids) VALUES (369, 369, '');
--INSERT INTO Menu_Tags_Mapping(menu_tags_mapping_id, item_id, tag_ids) VALUES (370, 370, '');
INSERT INTO Menu_Tags_Mapping(menu_tags_mapping_id, item_id, tag_ids) VALUES (371, 371, '1,4');
INSERT INTO Menu_Tags_Mapping(menu_tags_mapping_id, item_id, tag_ids) VALUES (372, 372, '1,4');
INSERT INTO Menu_Tags_Mapping(menu_tags_mapping_id, item_id, tag_ids) VALUES (373, 373, '1,4');
INSERT INTO Menu_Tags_Mapping(menu_tags_mapping_id, item_id, tag_ids) VALUES (374, 374, '1,4');
INSERT INTO Menu_Tags_Mapping(menu_tags_mapping_id, item_id, tag_ids) VALUES (375, 375, '1,4');
INSERT INTO Menu_Tags_Mapping(menu_tags_mapping_id, item_id, tag_ids) VALUES (376, 376, '1,4');
INSERT INTO Menu_Tags_Mapping(menu_tags_mapping_id, item_id, tag_ids) VALUES (377, 377, '1,4');
INSERT INTO Menu_Tags_Mapping(menu_tags_mapping_id, item_id, tag_ids) VALUES (378, 378, '1,4');
INSERT INTO Menu_Tags_Mapping(menu_tags_mapping_id, item_id, tag_ids) VALUES (379, 379, '1,4');
INSERT INTO Menu_Tags_Mapping(menu_tags_mapping_id, item_id, tag_ids) VALUES (380, 380, '1,4');
INSERT INTO Menu_Tags_Mapping(menu_tags_mapping_id, item_id, tag_ids) VALUES (381, 381, '1,4');
INSERT INTO Menu_Tags_Mapping(menu_tags_mapping_id, item_id, tag_ids) VALUES (382, 382, '1,4');
INSERT INTO Menu_Tags_Mapping(menu_tags_mapping_id, item_id, tag_ids) VALUES (383, 383, '1,4');
INSERT INTO Menu_Tags_Mapping(menu_tags_mapping_id, item_id, tag_ids) VALUES (384, 384, '1,4');
INSERT INTO Menu_Tags_Mapping(menu_tags_mapping_id, item_id, tag_ids) VALUES (385, 385, '1,4');
INSERT INTO Menu_Tags_Mapping(menu_tags_mapping_id, item_id, tag_ids) VALUES (386, 386, '1,4');
INSERT INTO Menu_Tags_Mapping(menu_tags_mapping_id, item_id, tag_ids) VALUES (387, 387, '1,4');
INSERT INTO Menu_Tags_Mapping(menu_tags_mapping_id, item_id, tag_ids) VALUES (388, 388, '1,4');
INSERT INTO Menu_Tags_Mapping(menu_tags_mapping_id, item_id, tag_ids) VALUES (389, 389, '1,4');
INSERT INTO Menu_Tags_Mapping(menu_tags_mapping_id, item_id, tag_ids) VALUES (390, 390, '1,4');
INSERT INTO Menu_Tags_Mapping(menu_tags_mapping_id, item_id, tag_ids) VALUES (391, 391, '1,4');
INSERT INTO Menu_Tags_Mapping(menu_tags_mapping_id, item_id, tag_ids) VALUES (392, 392, '1,4');
INSERT INTO Menu_Tags_Mapping(menu_tags_mapping_id, item_id, tag_ids) VALUES (393, 393, '1,4');
INSERT INTO Menu_Tags_Mapping(menu_tags_mapping_id, item_id, tag_ids) VALUES (394, 394, '1,4');
INSERT INTO Menu_Tags_Mapping(menu_tags_mapping_id, item_id, tag_ids) VALUES (395, 395, '1,4');
INSERT INTO Menu_Tags_Mapping(menu_tags_mapping_id, item_id, tag_ids) VALUES (396, 396, '1,4');
INSERT INTO Menu_Tags_Mapping(menu_tags_mapping_id, item_id, tag_ids) VALUES (397, 397, '1,4');
INSERT INTO Menu_Tags_Mapping(menu_tags_mapping_id, item_id, tag_ids) VALUES (398, 398, '1,4');
INSERT INTO Menu_Tags_Mapping(menu_tags_mapping_id, item_id, tag_ids) VALUES (399, 399, '1,4');
--INSERT INTO Menu_Tags_Mapping(menu_tags_mapping_id, item_id, tag_ids) VALUES (400, 400, '');
--INSERT INTO Menu_Tags_Mapping(menu_tags_mapping_id, item_id, tag_ids) VALUES (401, 401, '');
--INSERT INTO Menu_Tags_Mapping(menu_tags_mapping_id, item_id, tag_ids) VALUES (402, 402, '');
--INSERT INTO Menu_Tags_Mapping(menu_tags_mapping_id, item_id, tag_ids) VALUES (403, 403, '');
--INSERT INTO Menu_Tags_Mapping(menu_tags_mapping_id, item_id, tag_ids) VALUES (404, 404, '');
INSERT INTO Menu_Tags_Mapping(menu_tags_mapping_id, item_id, tag_ids) VALUES (405, 405, '1,4');
INSERT INTO Menu_Tags_Mapping(menu_tags_mapping_id, item_id, tag_ids) VALUES (406, 406, '1,4');
INSERT INTO Menu_Tags_Mapping(menu_tags_mapping_id, item_id, tag_ids) VALUES (407, 407, '1,4');
IN--SERT INTO Menu_Tags_Mapping(menu_tags_mapping_id, item_id, tag_ids) VALUES (408, 408, '');
INSERT INTO Menu_Tags_Mapping(menu_tags_mapping_id, item_id, tag_ids) VALUES (409, 409, '1,4');
INSERT INTO Menu_Tags_Mapping(menu_tags_mapping_id, item_id, tag_ids) VALUES (410, 410, '1,4');
INSERT INTO Menu_Tags_Mapping(menu_tags_mapping_id, item_id, tag_ids) VALUES (411, 411, '1,4');
INSERT INTO Menu_Tags_Mapping(menu_tags_mapping_id, item_id, tag_ids) VALUES (412, 412, '1,4');
INSERT INTO Menu_Tags_Mapping(menu_tags_mapping_id, item_id, tag_ids) VALUES (413, 413, '1,4');
INSERT INTO Menu_Tags_Mapping(menu_tags_mapping_id, item_id, tag_ids) VALUES (414, 414, '1,4');
INSERT INTO Menu_Tags_Mapping(menu_tags_mapping_id, item_id, tag_ids) VALUES (415, 415, '1,4');
INSERT INTO Menu_Tags_Mapping(menu_tags_mapping_id, item_id, tag_ids) VALUES (416, 416, '1,4');
INSERT INTO Menu_Tags_Mapping(menu_tags_mapping_id, item_id, tag_ids) VALUES (417, 417, '1,4');
INSERT INTO Menu_Tags_Mapping(menu_tags_mapping_id, item_id, tag_ids) VALUES (418, 418, '1,4');
INSERT INTO Menu_Tags_Mapping(menu_tags_mapping_id, item_id, tag_ids) VALUES (419, 419, '1,4');
INSERT INTO Menu_Tags_Mapping(menu_tags_mapping_id, item_id, tag_ids) VALUES (420, 420, '1,4');
INSERT INTO Menu_Tags_Mapping(menu_tags_mapping_id, item_id, tag_ids) VALUES (421, 421, '1,4');
INSERT INTO Menu_Tags_Mapping(menu_tags_mapping_id, item_id, tag_ids) VALUES (422, 422, '2,4');
INSERT INTO Menu_Tags_Mapping(menu_tags_mapping_id, item_id, tag_ids) VALUES (423, 423, '2,4');
INSERT INTO Menu_Tags_Mapping(menu_tags_mapping_id, item_id, tag_ids) VALUES (424, 424, '2,4');
INSERT INTO Menu_Tags_Mapping(menu_tags_mapping_id, item_id, tag_ids) VALUES (425, 425, '2,4');
INSERT INTO Menu_Tags_Mapping(menu_tags_mapping_id, item_id, tag_ids) VALUES (426, 426, '2,4');
INSERT INTO Menu_Tags_Mapping(menu_tags_mapping_id, item_id, tag_ids) VALUES (427, 427, '2,4');
INSERT INTO Menu_Tags_Mapping(menu_tags_mapping_id, item_id, tag_ids) VALUES (428, 428, '2,4');
INSERT INTO Menu_Tags_Mapping(menu_tags_mapping_id, item_id, tag_ids) VALUES (429, 429, '1,4');
INSERT INTO Menu_Tags_Mapping(menu_tags_mapping_id, item_id, tag_ids) VALUES (430, 430, '1,4');
INSERT INTO Menu_Tags_Mapping(menu_tags_mapping_id, item_id, tag_ids) VALUES (431, 431, '1,4');
INSERT INTO Menu_Tags_Mapping(menu_tags_mapping_id, item_id, tag_ids) VALUES (432, 432, '1,4');
INSERT INTO Menu_Tags_Mapping(menu_tags_mapping_id, item_id, tag_ids) VALUES (433, 433, '1,4');
INSERT INTO Menu_Tags_Mapping(menu_tags_mapping_id, item_id, tag_ids) VALUES (434, 434, '1,4');
INSERT INTO Menu_Tags_Mapping(menu_tags_mapping_id, item_id, tag_ids) VALUES (435, 435, '2,4');
INSERT INTO Menu_Tags_Mapping(menu_tags_mapping_id, item_id, tag_ids) VALUES (436, 436, '2,4');
INSERT INTO Menu_Tags_Mapping(menu_tags_mapping_id, item_id, tag_ids) VALUES (437, 437, '1,4');
INSERT INTO Menu_Tags_Mapping(menu_tags_mapping_id, item_id, tag_ids) VALUES (438, 438, '1,4');
INSERT INTO Menu_Tags_Mapping(menu_tags_mapping_id, item_id, tag_ids) VALUES (439, 439, '1,4');
INSERT INTO Menu_Tags_Mapping(menu_tags_mapping_id, item_id, tag_ids) VALUES (440, 440, '1,4');
INSERT INTO Menu_Tags_Mapping(menu_tags_mapping_id, item_id, tag_ids) VALUES (441, 441, '1,4');
INSERT INTO Menu_Tags_Mapping(menu_tags_mapping_id, item_id, tag_ids) VALUES (442, 442, '1,4');
INSERT INTO Menu_Tags_Mapping(menu_tags_mapping_id, item_id, tag_ids) VALUES (443, 443, '2,4');
INSERT INTO Menu_Tags_Mapping(menu_tags_mapping_id, item_id, tag_ids) VALUES (444, 444, '2,4');
INSERT INTO Menu_Tags_Mapping(menu_tags_mapping_id, item_id, tag_ids) VALUES (445, 445, '2,4');
INSERT INTO Menu_Tags_Mapping(menu_tags_mapping_id, item_id, tag_ids) VALUES (446, 446, '2,4');
INSERT INTO Menu_Tags_Mapping(menu_tags_mapping_id, item_id, tag_ids) VALUES (447, 447, '2,4');
INSERT INTO Menu_Tags_Mapping(menu_tags_mapping_id, item_id, tag_ids) VALUES (448, 448, '2,4');
INSERT INTO Menu_Tags_Mapping(menu_tags_mapping_id, item_id, tag_ids) VALUES (449, 449, '2,4');
INSERT INTO Menu_Tags_Mapping(menu_tags_mapping_id, item_id, tag_ids) VALUES (450, 450, '1,4');
INSERT INTO Menu_Tags_Mapping(menu_tags_mapping_id, item_id, tag_ids) VALUES (451, 451, '1,4');
INSERT INTO Menu_Tags_Mapping(menu_tags_mapping_id, item_id, tag_ids) VALUES (452, 452, '1,4');
INSERT INTO Menu_Tags_Mapping(menu_tags_mapping_id, item_id, tag_ids) VALUES (453, 453, '2,4');
INSERT INTO Menu_Tags_Mapping(menu_tags_mapping_id, item_id, tag_ids) VALUES (454, 454, '2,4');
INSERT INTO Menu_Tags_Mapping(menu_tags_mapping_id, item_id, tag_ids) VALUES (455, 455, '2,4');
INSERT INTO Menu_Tags_Mapping(menu_tags_mapping_id, item_id, tag_ids) VALUES (456, 456, '2,4');
INSERT INTO Menu_Tags_Mapping(menu_tags_mapping_id, item_id, tag_ids) VALUES (457, 457, '2,4');
INSERT INTO Menu_Tags_Mapping(menu_tags_mapping_id, item_id, tag_ids) VALUES (458, 458, '2,4');
--INSERT INTO Menu_Tags_Mapping(menu_tags_mapping_id, item_id, tag_ids) VALUES (459, 459, '');
INSERT INTO Menu_Tags_Mapping(menu_tags_mapping_id, item_id, tag_ids) VALUES (460, 460, '1,4');
INSERT INTO Menu_Tags_Mapping(menu_tags_mapping_id, item_id, tag_ids) VALUES (461, 461, '1,6');
INSERT INTO Menu_Tags_Mapping(menu_tags_mapping_id, item_id, tag_ids) VALUES (462, 462, '1,6');
INSERT INTO Menu_Tags_Mapping(menu_tags_mapping_id, item_id, tag_ids) VALUES (463, 463, '1,6');
INSERT INTO Menu_Tags_Mapping(menu_tags_mapping_id, item_id, tag_ids) VALUES (464, 464, '2,6');
INSERT INTO Menu_Tags_Mapping(menu_tags_mapping_id, item_id, tag_ids) VALUES (465, 465, '2,6');
INSERT INTO Menu_Tags_Mapping(menu_tags_mapping_id, item_id, tag_ids) VALUES (466, 466, '1,6');
INSERT INTO Menu_Tags_Mapping(menu_tags_mapping_id, item_id, tag_ids) VALUES (467, 467, '2,6');
INSERT INTO Menu_Tags_Mapping(menu_tags_mapping_id, item_id, tag_ids) VALUES (468, 468, '1,6');
INSERT INTO Menu_Tags_Mapping(menu_tags_mapping_id, item_id, tag_ids) VALUES (469, 469, '2,6');
--INSERT INTO Menu_Tags_Mapping(menu_tags_mapping_id, item_id, tag_ids) VALUES (470, 470, '');
--INSERT INTO Menu_Tags_Mapping(menu_tags_mapping_id, item_id, tag_ids) VALUES (471, 471, '');
--INSERT INTO Menu_Tags_Mapping(menu_tags_mapping_id, item_id, tag_ids) VALUES (472, 472, '');
--INSERT INTO Menu_Tags_Mapping(menu_tags_mapping_id, item_id, tag_ids) VALUES (473, 473, '');
--INSERT INTO Menu_Tags_Mapping(menu_tags_mapping_id, item_id, tag_ids) VALUES (474, 474, '');
--INSERT INTO Menu_Tags_Mapping(menu_tags_mapping_id, item_id, tag_ids) VALUES (475, 475, '');
--INSERT INTO Menu_Tags_Mapping(menu_tags_mapping_id, item_id, tag_ids) VALUES (476, 476, '');
--INSERT INTO Menu_Tags_Mapping(menu_tags_mapping_id, item_id, tag_ids) VALUES (477, 477, '');
--INSERT INTO Menu_Tags_Mapping(menu_tags_mapping_id, item_id, tag_ids) VALUES (478, 478, '');
--INSERT INTO Menu_Tags_Mapping(menu_tags_mapping_id, item_id, tag_ids) VALUES (479, 479, '');
--INSERT INTO Menu_Tags_Mapping(menu_tags_mapping_id, item_id, tag_ids) VALUES (480, 480, '');
INSERT INTO Menu_Tags_Mapping(menu_tags_mapping_id, item_id, tag_ids) VALUES (481, 481, '1,8');
INSERT INTO Menu_Tags_Mapping(menu_tags_mapping_id, item_id, tag_ids) VALUES (482, 482, '1,8');
INSERT INTO Menu_Tags_Mapping(menu_tags_mapping_id, item_id, tag_ids) VALUES (483, 483, '1,8');
INSERT INTO Menu_Tags_Mapping(menu_tags_mapping_id, item_id, tag_ids) VALUES (484, 484, '1,8');
INSERT INTO Menu_Tags_Mapping(menu_tags_mapping_id, item_id, tag_ids) VALUES (485, 485, '1,8');
INSERT INTO Menu_Tags_Mapping(menu_tags_mapping_id, item_id, tag_ids) VALUES (486, 486, '1,8');
INSERT INTO Menu_Tags_Mapping(menu_tags_mapping_id, item_id, tag_ids) VALUES (487, 487, '1,8');
INSERT INTO Menu_Tags_Mapping(menu_tags_mapping_id, item_id, tag_ids) VALUES (488, 488, '1,8');
INSERT INTO Menu_Tags_Mapping(menu_tags_mapping_id, item_id, tag_ids) VALUES (489, 489, '1,8');
INSERT INTO Menu_Tags_Mapping(menu_tags_mapping_id, item_id, tag_ids) VALUES (490, 490, '1,8');
INSERT INTO Menu_Tags_Mapping(menu_tags_mapping_id, item_id, tag_ids) VALUES (491, 491, '1,8');
INSERT INTO Menu_Tags_Mapping(menu_tags_mapping_id, item_id, tag_ids) VALUES (492, 492, '1,8');
INSERT INTO Menu_Tags_Mapping(menu_tags_mapping_id, item_id, tag_ids) VALUES (493, 493, '1,8');
INSERT INTO Menu_Tags_Mapping(menu_tags_mapping_id, item_id, tag_ids) VALUES (494, 494, '1,8');
INSERT INTO Menu_Tags_Mapping(menu_tags_mapping_id, item_id, tag_ids) VALUES (495, 495, '1,8');
INSERT INTO Menu_Tags_Mapping(menu_tags_mapping_id, item_id, tag_ids) VALUES (496, 496, '1,8');
INSERT INTO Menu_Tags_Mapping(menu_tags_mapping_id, item_id, tag_ids) VALUES (497, 497, '1,8');
INSERT INTO Menu_Tags_Mapping(menu_tags_mapping_id, item_id, tag_ids) VALUES (498, 498, '2,8');
INSERT INTO Menu_Tags_Mapping(menu_tags_mapping_id, item_id, tag_ids) VALUES (499, 499, '1,8');
INSERT INTO Menu_Tags_Mapping(menu_tags_mapping_id, item_id, tag_ids) VALUES (500, 500, '1,8');
INSERT INTO Menu_Tags_Mapping(menu_tags_mapping_id, item_id, tag_ids) VALUES (501, 501, '1,8');
INSERT INTO Menu_Tags_Mapping(menu_tags_mapping_id, item_id, tag_ids) VALUES (502, 502, '1,11');
INSERT INTO Menu_Tags_Mapping(menu_tags_mapping_id, item_id, tag_ids) VALUES (503, 503, '1,8');
INSERT INTO Menu_Tags_Mapping(menu_tags_mapping_id, item_id, tag_ids) VALUES (504, 504, '1,8');
INSERT INTO Menu_Tags_Mapping(menu_tags_mapping_id, item_id, tag_ids) VALUES (505, 505, '1,8');
INSERT INTO Menu_Tags_Mapping(menu_tags_mapping_id, item_id, tag_ids) VALUES (506, 506, '1,8');
--INSERT INTO Menu_Tags_Mapping(menu_tags_mapping_id, item_id, tag_ids) VALUES (507, 507, '');
--INSERT INTO Menu_Tags_Mapping(menu_tags_mapping_id, item_id, tag_ids) VALUES (508, 508, '');
--INSERT INTO Menu_Tags_Mapping(menu_tags_mapping_id, item_id, tag_ids) VALUES (509, 509, '');
INSERT INTO Menu_Tags_Mapping(menu_tags_mapping_id, item_id, tag_ids) VALUES (510, 510, '1,5');
INSERT INTO Menu_Tags_Mapping(menu_tags_mapping_id, item_id, tag_ids) VALUES (511, 511, '1,5');
INSERT INTO Menu_Tags_Mapping(menu_tags_mapping_id, item_id, tag_ids) VALUES (512, 512, '1,5');
INSERT INTO Menu_Tags_Mapping(menu_tags_mapping_id, item_id, tag_ids) VALUES (513, 513, '1,5');
INSERT INTO Menu_Tags_Mapping(menu_tags_mapping_id, item_id, tag_ids) VALUES (514, 514, '1,5');
INSERT INTO Menu_Tags_Mapping(menu_tags_mapping_id, item_id, tag_ids) VALUES (515, 515, '1,5');
INSERT INTO Menu_Tags_Mapping(menu_tags_mapping_id, item_id, tag_ids) VALUES (516, 516, '1,5');
INSERT INTO Menu_Tags_Mapping(menu_tags_mapping_id, item_id, tag_ids) VALUES (517, 517, '1,5');
--INSERT INTO Menu_Tags_Mapping(menu_tags_mapping_id, item_id, tag_ids) VALUES (518, 518, '');
--INSERT INTO Menu_Tags_Mapping(menu_tags_mapping_id, item_id, tag_ids) VALUES (519, 519, '');
--INSERT INTO Menu_Tags_Mapping(menu_tags_mapping_id, item_id, tag_ids) VALUES (520, 520, '');
--INSERT INTO Menu_Tags_Mapping(menu_tags_mapping_id, item_id, tag_ids) VALUES (521, 521, '');
--INSERT INTO Menu_Tags_Mapping(menu_tags_mapping_id, item_id, tag_ids) VALUES (522, 522, '');
--INSERT INTO Menu_Tags_Mapping(menu_tags_mapping_id, item_id, tag_ids) VALUES (523, 523, '');
--INSERT INTO Menu_Tags_Mapping(menu_tags_mapping_id, item_id, tag_ids) VALUES (524, 524, '');
--INSERT INTO Menu_Tags_Mapping(menu_tags_mapping_id, item_id, tag_ids) VALUES (525, 525, '');
--INSERT INTO Menu_Tags_Mapping(menu_tags_mapping_id, item_id, tag_ids) VALUES (526, 526, '');
--INSERT INTO Menu_Tags_Mapping(menu_tags_mapping_id, item_id, tag_ids) VALUES (527, 527, '');
--INSERT INTO Menu_Tags_Mapping(menu_tags_mapping_id, item_id, tag_ids) VALUES (528, 528, '');
--INSERT INTO Menu_Tags_Mapping(menu_tags_mapping_id, item_id, tag_ids) VALUES (529, 529, '');
INSERT INTO Menu_Tags_Mapping(menu_tags_mapping_id, item_id, tag_ids) VALUES (530, 530, '1,5');
INSERT INTO Menu_Tags_Mapping(menu_tags_mapping_id, item_id, tag_ids) VALUES (531, 531, '1,5');
--INSERT INTO Menu_Tags_Mapping(menu_tags_mapping_id, item_id, tag_ids) VALUES (532, 532, '');
--INSERT INTO Menu_Tags_Mapping(menu_tags_mapping_id, item_id, tag_ids) VALUES (533, 533, '');
--INSERT INTO Menu_Tags_Mapping(menu_tags_mapping_id, item_id, tag_ids) VALUES (534, 534, '');
--INSERT INTO Menu_Tags_Mapping(menu_tags_mapping_id, item_id, tag_ids) VALUES (535, 535, '');
--INSERT INTO Menu_Tags_Mapping(menu_tags_mapping_id, item_id, tag_ids) VALUES (536, 536, '');
--INSERT INTO Menu_Tags_Mapping(menu_tags_mapping_id, item_id, tag_ids) VALUES (537, 537, '');
--INSERT INTO Menu_Tags_Mapping(menu_tags_mapping_id, item_id, tag_ids) VALUES (538, 538, '');
--INSERT INTO Menu_Tags_Mapping(menu_tags_mapping_id, item_id, tag_ids) VALUES (539, 539, '');
INSERT INTO Menu_Tags_Mapping(menu_tags_mapping_id, item_id, tag_ids) VALUES (540, 540, '1,6');
INSERT INTO Menu_Tags_Mapping(menu_tags_mapping_id, item_id, tag_ids) VALUES (541, 541, '1,4');
INSERT INTO Menu_Tags_Mapping(menu_tags_mapping_id, item_id, tag_ids) VALUES (542, 542, '1,4');
INSERT INTO Menu_Tags_Mapping(menu_tags_mapping_id, item_id, tag_ids) VALUES (543, 543, '1,4');
INSERT INTO Menu_Tags_Mapping(menu_tags_mapping_id, item_id, tag_ids) VALUES (544, 544, '1,4');
INSERT INTO Menu_Tags_Mapping(menu_tags_mapping_id, item_id, tag_ids) VALUES (545, 545, '1,4');
INSERT INTO Menu_Tags_Mapping(menu_tags_mapping_id, item_id, tag_ids) VALUES (546, 546, '1,4');
INSERT INTO Menu_Tags_Mapping(menu_tags_mapping_id, item_id, tag_ids) VALUES (547, 547, '1,4');
INSERT INTO Menu_Tags_Mapping(menu_tags_mapping_id, item_id, tag_ids) VALUES (548, 548, '1,4');
INSERT INTO Menu_Tags_Mapping(menu_tags_mapping_id, item_id, tag_ids) VALUES (549, 549, '1,4');
INSERT INTO Menu_Tags_Mapping(menu_tags_mapping_id, item_id, tag_ids) VALUES (550, 550, '1,4');
INSERT INTO Menu_Tags_Mapping(menu_tags_mapping_id, item_id, tag_ids) VALUES (551, 551, '1,4');
INSERT INTO Menu_Tags_Mapping(menu_tags_mapping_id, item_id, tag_ids) VALUES (552, 552, '1,4');
INSERT INTO Menu_Tags_Mapping(menu_tags_mapping_id, item_id, tag_ids) VALUES (553, 553, '1,4');
INSERT INTO Menu_Tags_Mapping(menu_tags_mapping_id, item_id, tag_ids) VALUES (554, 554, '1,4');
INSERT INTO Menu_Tags_Mapping(menu_tags_mapping_id, item_id, tag_ids) VALUES (555, 555, '1,4');
INSERT INTO Menu_Tags_Mapping(menu_tags_mapping_id, item_id, tag_ids) VALUES (556, 556, '1,4');
INSERT INTO Menu_Tags_Mapping(menu_tags_mapping_id, item_id, tag_ids) VALUES (557, 557, '1,4');
INSERT INTO Menu_Tags_Mapping(menu_tags_mapping_id, item_id, tag_ids) VALUES (558, 558, '2,4');
INSERT INTO Menu_Tags_Mapping(menu_tags_mapping_id, item_id, tag_ids) VALUES (559, 559, '2,4');
INSERT INTO Menu_Tags_Mapping(menu_tags_mapping_id, item_id, tag_ids) VALUES (560, 560, '2,4');
INSERT INTO Menu_Tags_Mapping(menu_tags_mapping_id, item_id, tag_ids) VALUES (561, 561, '2,4');
--INSERT INTO Menu_Tags_Mapping(menu_tags_mapping_id, item_id, tag_ids) VALUES (562, 562, '');
--INSERT INTO Menu_Tags_Mapping(menu_tags_mapping_id, item_id, tag_ids) VALUES (563, 563, '');
--INSERT INTO Menu_Tags_Mapping(menu_tags_mapping_id, item_id, tag_ids) VALUES (564, 564, '');
--INSERT INTO Menu_Tags_Mapping(menu_tags_mapping_id, item_id, tag_ids) VALUES (565, 565, '');
--INSERT INTO Menu_Tags_Mapping(menu_tags_mapping_id, item_id, tag_ids) VALUES (566, 566, '');
--INSERT INTO Menu_Tags_Mapping(menu_tags_mapping_id, item_id, tag_ids) VALUES (567, 567, '');
--INSERT INTO Menu_Tags_Mapping(menu_tags_mapping_id, item_id, tag_ids) VALUES (568, 568, '');
--INSERT INTO Menu_Tags_Mapping(menu_tags_mapping_id, item_id, tag_ids) VALUES (569, 569, '');
INSERT INTO Menu_Tags_Mapping(menu_tags_mapping_id, item_id, tag_ids) VALUES (570, 570, '1,5');
INSERT INTO Menu_Tags_Mapping(menu_tags_mapping_id, item_id, tag_ids) VALUES (571, 571, '1,5');
INSERT INTO Menu_Tags_Mapping(menu_tags_mapping_id, item_id, tag_ids) VALUES (572, 572, '1,5');
INSERT INTO Menu_Tags_Mapping(menu_tags_mapping_id, item_id, tag_ids) VALUES (573, 573, '1,5');
INSERT INTO Menu_Tags_Mapping(menu_tags_mapping_id, item_id, tag_ids) VALUES (574, 574, '1,5');
INSERT INTO Menu_Tags_Mapping(menu_tags_mapping_id, item_id, tag_ids) VALUES (575, 575, '1,5');
INSERT INTO Menu_Tags_Mapping(menu_tags_mapping_id, item_id, tag_ids) VALUES (576, 576, '1,5');
INSERT INTO Menu_Tags_Mapping(menu_tags_mapping_id, item_id, tag_ids) VALUES (577, 577, '1,5');
--INSERT INTO Menu_Tags_Mapping(menu_tags_mapping_id, item_id, tag_ids) VALUES (578, 578, '');
--INSERT INTO Menu_Tags_Mapping(menu_tags_mapping_id, item_id, tag_ids) VALUES (579, 579, '');
--INSERT INTO Menu_Tags_Mapping(menu_tags_mapping_id, item_id, tag_ids) VALUES (580, 580, '');
--INSERT INTO Menu_Tags_Mapping(menu_tags_mapping_id, item_id, tag_ids) VALUES (581, 581, '');
--INSERT INTO Menu_Tags_Mapping(menu_tags_mapping_id, item_id, tag_ids) VALUES (582, 582, '');
--INSERT INTO Menu_Tags_Mapping(menu_tags_mapping_id, item_id, tag_ids) VALUES (583, 583, '');
--INSERT INTO Menu_Tags_Mapping(menu_tags_mapping_id, item_id, tag_ids) VALUES (584, 584, '');
--INSERT INTO Menu_Tags_Mapping(menu_tags_mapping_id, item_id, tag_ids) VALUES (585, 585, '');
--INSERT INTO Menu_Tags_Mapping(menu_tags_mapping_id, item_id, tag_ids) VALUES (586, 586, '');
--INSERT INTO Menu_Tags_Mapping(menu_tags_mapping_id, item_id, tag_ids) VALUES (587, 587, '');
--INSERT INTO Menu_Tags_Mapping(menu_tags_mapping_id, item_id, tag_ids) VALUES (588, 588, '');
--INSERT INTO Menu_Tags_Mapping(menu_tags_mapping_id, item_id, tag_ids) VALUES (589, 589, '');
--INSERT INTO Menu_Tags_Mapping(menu_tags_mapping_id, item_id, tag_ids) VALUES (590, 590, '');
--INSERT INTO Menu_Tags_Mapping(menu_tags_mapping_id, item_id, tag_ids) VALUES (591, 591, '');
--INSERT INTO Menu_Tags_Mapping(menu_tags_mapping_id, item_id, tag_ids) VALUES (592, 592, '');
--INSERT INTO Menu_Tags_Mapping(menu_tags_mapping_id, item_id, tag_ids) VALUES (593, 593, '');
--INSERT INTO Menu_Tags_Mapping(menu_tags_mapping_id, item_id, tag_ids) VALUES (594, 594, '');
--INSERT INTO Menu_Tags_Mapping(menu_tags_mapping_id, item_id, tag_ids) VALUES (595, 595, '');
--INSERT INTO Menu_Tags_Mapping(menu_tags_mapping_id, item_id, tag_ids) VALUES (596, 596, '');
--INSERT INTO Menu_Tags_Mapping(menu_tags_mapping_id, item_id, tag_ids) VALUES (597, 597, '');
--INSERT INTO Menu_Tags_Mapping(menu_tags_mapping_id, item_id, tag_ids) VALUES (598, 598, '');
--INSERT INTO Menu_Tags_Mapping(menu_tags_mapping_id, item_id, tag_ids) VALUES (599, 599, '');
--INSERT INTO Menu_Tags_Mapping(menu_tags_mapping_id, item_id, tag_ids) VALUES (600, 600, '');
--INSERT INTO Menu_Tags_Mapping(menu_tags_mapping_id, item_id, tag_ids) VALUES (601, 601, '');
--INSERT INTO Menu_Tags_Mapping(menu_tags_mapping_id, item_id, tag_ids) VALUES (602, 602, '');
--INSERT INTO Menu_Tags_Mapping(menu_tags_mapping_id, item_id, tag_ids) VALUES (603, 603, '');
--INSERT INTO Menu_Tags_Mapping(menu_tags_mapping_id, item_id, tag_ids) VALUES (604, 604, '');
--INSERT INTO Menu_Tags_Mapping(menu_tags_mapping_id, item_id, tag_ids) VALUES (605, 605, '');
--INSERT INTO Menu_Tags_Mapping(menu_tags_mapping_id, item_id, tag_ids) VALUES (606, 606, '');
--INSERT INTO Menu_Tags_Mapping(menu_tags_mapping_id, item_id, tag_ids) VALUES (607, 607, '');
--INSERT INTO Menu_Tags_Mapping(menu_tags_mapping_id, item_id, tag_ids) VALUES (608, 608, '');
--INSERT INTO Menu_Tags_Mapping(menu_tags_mapping_id, item_id, tag_ids) VALUES (609, 609, '');
--INSERT INTO Menu_Tags_Mapping(menu_tags_mapping_id, item_id, tag_ids) VALUES (610, 610, '');
--INSERT INTO Menu_Tags_Mapping(menu_tags_mapping_id, item_id, tag_ids) VALUES (611, 611, '');
--INSERT INTO Menu_Tags_Mapping(menu_tags_mapping_id, item_id, tag_ids) VALUES (612, 612, '');
--INSERT INTO Menu_Tags_Mapping(menu_tags_mapping_id, item_id, tag_ids) VALUES (613, 613, '');
--INSERT INTO Menu_Tags_Mapping(menu_tags_mapping_id, item_id, tag_ids) VALUES (614, 614, '');
--INSERT INTO Menu_Tags_Mapping(menu_tags_mapping_id, item_id, tag_ids) VALUES (615, 615, '');
--INSERT INTO Menu_Tags_Mapping(menu_tags_mapping_id, item_id, tag_ids) VALUES (616, 616, '');
--INSERT INTO Menu_Tags_Mapping(menu_tags_mapping_id, item_id, tag_ids) VALUES (617, 617, '');
--INSERT INTO Menu_Tags_Mapping(menu_tags_mapping_id, item_id, tag_ids) VALUES (618, 618, '');
--INSERT INTO Menu_Tags_Mapping(menu_tags_mapping_id, item_id, tag_ids) VALUES (619, 619, '');
--INSERT INTO Menu_Tags_Mapping(menu_tags_mapping_id, item_id, tag_ids) VALUES (620, 620, '');
--INSERT INTO Menu_Tags_Mapping(menu_tags_mapping_id, item_id, tag_ids) VALUES (621, 621, '');
--INSERT INTO Menu_Tags_Mapping(menu_tags_mapping_id, item_id, tag_ids) VALUES (622, 622, '');
--INSERT INTO Menu_Tags_Mapping(menu_tags_mapping_id, item_id, tag_ids) VALUES (623, 623, '');
--INSERT INTO Menu_Tags_Mapping(menu_tags_mapping_id, item_id, tag_ids) VALUES (624, 624, '');
--INSERT INTO Menu_Tags_Mapping(menu_tags_mapping_id, item_id, tag_ids) VALUES (625, 625, '');
--INSERT INTO Menu_Tags_Mapping(menu_tags_mapping_id, item_id, tag_ids) VALUES (626, 626, '');
--INSERT INTO Menu_Tags_Mapping(menu_tags_mapping_id, item_id, tag_ids) VALUES (627, 627, '');
--INSERT INTO Menu_Tags_Mapping(menu_tags_mapping_id, item_id, tag_ids) VALUES (628, 628, '');
--INSERT INTO Menu_Tags_Mapping(menu_tags_mapping_id, item_id, tag_ids) VALUES (629, 629, '');
INSERT INTO Menu_Tags_Mapping(menu_tags_mapping_id, item_id, tag_ids) VALUES (630, 630, '1,11');
INSERT INTO Menu_Tags_Mapping(menu_tags_mapping_id, item_id, tag_ids) VALUES (631, 631, '1,11');
INSERT INTO Menu_Tags_Mapping(menu_tags_mapping_id, item_id, tag_ids) VALUES (632, 632, '1,11');
INSERT INTO Menu_Tags_Mapping(menu_tags_mapping_id, item_id, tag_ids) VALUES (633, 633, '2,11');
INSERT INTO Menu_Tags_Mapping(menu_tags_mapping_id, item_id, tag_ids) VALUES (634, 634, '2,11');
INSERT INTO Menu_Tags_Mapping(menu_tags_mapping_id, item_id, tag_ids) VALUES (635, 635, '1,11');
INSERT INTO Menu_Tags_Mapping(menu_tags_mapping_id, item_id, tag_ids) VALUES (636, 636, '1,11');
INSERT INTO Menu_Tags_Mapping(menu_tags_mapping_id, item_id, tag_ids) VALUES (637, 637, '2,11');
--INSERT INTO Menu_Tags_Mapping(menu_tags_mapping_id, item_id, tag_ids) VALUES (638, 638, '');
--INSERT INTO Menu_Tags_Mapping(menu_tags_mapping_id, item_id, tag_ids) VALUES (639, 639, '');
--INSERT INTO Menu_Tags_Mapping(menu_tags_mapping_id, item_id, tag_ids) VALUES (640, 640, '');
--INSERT INTO Menu_Tags_Mapping(menu_tags_mapping_id, item_id, tag_ids) VALUES (641, 641, '');
--INSERT INTO Menu_Tags_Mapping(menu_tags_mapping_id, item_id, tag_ids) VALUES (642, 642, '');
--INSERT INTO Menu_Tags_Mapping(menu_tags_mapping_id, item_id, tag_ids) VALUES (643, 643, '');
--INSERT INTO Menu_Tags_Mapping(menu_tags_mapping_id, item_id, tag_ids) VALUES (644, 644, '');
--INSERT INTO Menu_Tags_Mapping(menu_tags_mapping_id, item_id, tag_ids) VALUES (645, 645, '');
--INSERT INTO Menu_Tags_Mapping(menu_tags_mapping_id, item_id, tag_ids) VALUES (646, 646, '');
--INSERT INTO Menu_Tags_Mapping(menu_tags_mapping_id, item_id, tag_ids) VALUES (647, 647, '');
--INSERT INTO Menu_Tags_Mapping(menu_tags_mapping_id, item_id, tag_ids) VALUES (648, 648, '');
--INSERT INTO Menu_Tags_Mapping(menu_tags_mapping_id, item_id, tag_ids) VALUES (649, 649, '');
--INSERT INTO Menu_Tags_Mapping(menu_tags_mapping_id, item_id, tag_ids) VALUES (650, 650, '');
--INSERT INTO Menu_Tags_Mapping(menu_tags_mapping_id, item_id, tag_ids) VALUES (651, 651, '');
--INSERT INTO Menu_Tags_Mapping(menu_tags_mapping_id, item_id, tag_ids) VALUES (652, 652, '');
--INSERT INTO Menu_Tags_Mapping(menu_tags_mapping_id, item_id, tag_ids) VALUES (653, 653, '');
--INSERT INTO Menu_Tags_Mapping(menu_tags_mapping_id, item_id, tag_ids) VALUES (654, 654, '');
--INSERT INTO Menu_Tags_Mapping(menu_tags_mapping_id, item_id, tag_ids) VALUES (655, 655, '');
--INSERT INTO Menu_Tags_Mapping(menu_tags_mapping_id, item_id, tag_ids) VALUES (656, 656, '');
--INSERT INTO Menu_Tags_Mapping(menu_tags_mapping_id, item_id, tag_ids) VALUES (657, 657, '');
--INSERT INTO Menu_Tags_Mapping(menu_tags_mapping_id, item_id, tag_ids) VALUES (658, 658, '');
--INSERT INTO Menu_Tags_Mapping(menu_tags_mapping_id, item_id, tag_ids) VALUES (659, 659, '');
--INSERT INTO Menu_Tags_Mapping(menu_tags_mapping_id, item_id, tag_ids) VALUES (660, 660, '');
--INSERT INTO Menu_Tags_Mapping(menu_tags_mapping_id, item_id, tag_ids) VALUES (661, 661, '');
--INSERT INTO Menu_Tags_Mapping(menu_tags_mapping_id, item_id, tag_ids) VALUES (662, 662, '');
--INSERT INTO Menu_Tags_Mapping(menu_tags_mapping_id, item_id, tag_ids) VALUES (663, 663, '');
--INSERT INTO Menu_Tags_Mapping(menu_tags_mapping_id, item_id, tag_ids) VALUES (664, 664, '');
--INSERT INTO Menu_Tags_Mapping(menu_tags_mapping_id, item_id, tag_ids) VALUES (665, 665, '');
--INSERT INTO Menu_Tags_Mapping(menu_tags_mapping_id, item_id, tag_ids) VALUES (666, 666, '');
--INSERT INTO Menu_Tags_Mapping(menu_tags_mapping_id, item_id, tag_ids) VALUES (667, 667, '');
--INSERT INTO Menu_Tags_Mapping(menu_tags_mapping_id, item_id, tag_ids) VALUES (668, 668, '');
--INSERT INTO Menu_Tags_Mapping(menu_tags_mapping_id, item_id, tag_ids) VALUES (669, 669, '');
--INSERT INTO Menu_Tags_Mapping(menu_tags_mapping_id, item_id, tag_ids) VALUES (670, 670, '');
--INSERT INTO Menu_Tags_Mapping(menu_tags_mapping_id, item_id, tag_ids) VALUES (671, 671, '');
--INSERT INTO Menu_Tags_Mapping(menu_tags_mapping_id, item_id, tag_ids) VALUES (672, 672, '');
--INSERT INTO Menu_Tags_Mapping(menu_tags_mapping_id, item_id, tag_ids) VALUES (673, 673, '');
--INSERT INTO Menu_Tags_Mapping(menu_tags_mapping_id, item_id, tag_ids) VALUES (674, 674, '');
--INSERT INTO Menu_Tags_Mapping(menu_tags_mapping_id, item_id, tag_ids) VALUES (675, 675, '');
--INSERT INTO Menu_Tags_Mapping(menu_tags_mapping_id, item_id, tag_ids) VALUES (676, 676, '');
--INSERT INTO Menu_Tags_Mapping(menu_tags_mapping_id, item_id, tag_ids) VALUES (677, 677, '');
--INSERT INTO Menu_Tags_Mapping(menu_tags_mapping_id, item_id, tag_ids) VALUES (678, 678, '');
INSERT INTO Menu_Tags_Mapping(menu_tags_mapping_id, item_id, tag_ids) VALUES (679, 679, '8');
INSERT INTO Menu_Tags_Mapping(menu_tags_mapping_id, item_id, tag_ids) VALUES (680, 680, '11');
INSERT INTO Menu_Tags_Mapping(menu_tags_mapping_id, item_id, tag_ids) VALUES (681, 681, '12');


------------------------------------
--INSERT SCRIPTS FOR CATERER TABLE--
------------------------------------
INSERT INTO Caterer(caterer_id, caterer_name, caterer_details) VALUES(1, 'Nitya Caterers', null);
INSERT INTO Caterer(caterer_id, caterer_name, caterer_details) VALUES(2, 'Tadka Caterers', null);


-------------------------------------------------
--INSERT SCRIPTS FOR CATERER_MENU_MAPPING TABLE--
-------------------------------------------------
INSERT INTO Caterer_Menu_Mapping(caterer_menu_mapping_id, item_id, caterer_id) VALUES(1, 1, 1);
INSERT INTO Caterer_Menu_Mapping(caterer_menu_mapping_id, item_id, caterer_id) VALUES(2, 2, 1);
INSERT INTO Caterer_Menu_Mapping(caterer_menu_mapping_id, item_id, caterer_id) VALUES(3, 3, 1);
INSERT INTO Caterer_Menu_Mapping(caterer_menu_mapping_id, item_id, caterer_id) VALUES(4, 4, 1);
INSERT INTO Caterer_Menu_Mapping(caterer_menu_mapping_id, item_id, caterer_id) VALUES(5, 5, 1);
INSERT INTO Caterer_Menu_Mapping(caterer_menu_mapping_id, item_id, caterer_id) VALUES(6, 6, 1);
INSERT INTO Caterer_Menu_Mapping(caterer_menu_mapping_id, item_id, caterer_id) VALUES(7, 7, 1);
INSERT INTO Caterer_Menu_Mapping(caterer_menu_mapping_id, item_id, caterer_id) VALUES(8, 8, 1);
INSERT INTO Caterer_Menu_Mapping(caterer_menu_mapping_id, item_id, caterer_id) VALUES(9, 9, 1);
INSERT INTO Caterer_Menu_Mapping(caterer_menu_mapping_id, item_id, caterer_id) VALUES(10, 10, 1);
INSERT INTO Caterer_Menu_Mapping(caterer_menu_mapping_id, item_id, caterer_id) VALUES(11, 11, 1);
INSERT INTO Caterer_Menu_Mapping(caterer_menu_mapping_id, item_id, caterer_id) VALUES(12, 12, 1);
INSERT INTO Caterer_Menu_Mapping(caterer_menu_mapping_id, item_id, caterer_id) VALUES(13, 13, 1);
INSERT INTO Caterer_Menu_Mapping(caterer_menu_mapping_id, item_id, caterer_id) VALUES(14, 14, 1);
INSERT INTO Caterer_Menu_Mapping(caterer_menu_mapping_id, item_id, caterer_id) VALUES(15, 15, 1);
INSERT INTO Caterer_Menu_Mapping(caterer_menu_mapping_id, item_id, caterer_id) VALUES(16, 16, 1);
INSERT INTO Caterer_Menu_Mapping(caterer_menu_mapping_id, item_id, caterer_id) VALUES(17, 17, 1);
INSERT INTO Caterer_Menu_Mapping(caterer_menu_mapping_id, item_id, caterer_id) VALUES(18, 18, 1);
INSERT INTO Caterer_Menu_Mapping(caterer_menu_mapping_id, item_id, caterer_id) VALUES(19, 19, 1);
INSERT INTO Caterer_Menu_Mapping(caterer_menu_mapping_id, item_id, caterer_id) VALUES(20, 20, 1);
INSERT INTO Caterer_Menu_Mapping(caterer_menu_mapping_id, item_id, caterer_id) VALUES(21, 21, 1);
INSERT INTO Caterer_Menu_Mapping(caterer_menu_mapping_id, item_id, caterer_id) VALUES(22, 22, 1);
INSERT INTO Caterer_Menu_Mapping(caterer_menu_mapping_id, item_id, caterer_id) VALUES(23, 23, 1);
INSERT INTO Caterer_Menu_Mapping(caterer_menu_mapping_id, item_id, caterer_id) VALUES(24, 24, 1);
INSERT INTO Caterer_Menu_Mapping(caterer_menu_mapping_id, item_id, caterer_id) VALUES(25, 25, 1);
INSERT INTO Caterer_Menu_Mapping(caterer_menu_mapping_id, item_id, caterer_id) VALUES(26, 26, 1);
INSERT INTO Caterer_Menu_Mapping(caterer_menu_mapping_id, item_id, caterer_id) VALUES(27, 27, 1);
INSERT INTO Caterer_Menu_Mapping(caterer_menu_mapping_id, item_id, caterer_id) VALUES(28, 28, 1);
INSERT INTO Caterer_Menu_Mapping(caterer_menu_mapping_id, item_id, caterer_id) VALUES(29, 29, 1);
INSERT INTO Caterer_Menu_Mapping(caterer_menu_mapping_id, item_id, caterer_id) VALUES(30, 30, 1);
INSERT INTO Caterer_Menu_Mapping(caterer_menu_mapping_id, item_id, caterer_id) VALUES(31, 31, 1);
INSERT INTO Caterer_Menu_Mapping(caterer_menu_mapping_id, item_id, caterer_id) VALUES(32, 32, 1);
INSERT INTO Caterer_Menu_Mapping(caterer_menu_mapping_id, item_id, caterer_id) VALUES(33, 33, 1);
INSERT INTO Caterer_Menu_Mapping(caterer_menu_mapping_id, item_id, caterer_id) VALUES(34, 34, 1);
INSERT INTO Caterer_Menu_Mapping(caterer_menu_mapping_id, item_id, caterer_id) VALUES(35, 35, 1);
INSERT INTO Caterer_Menu_Mapping(caterer_menu_mapping_id, item_id, caterer_id) VALUES(36, 36, 1);
INSERT INTO Caterer_Menu_Mapping(caterer_menu_mapping_id, item_id, caterer_id) VALUES(37, 37, 1);
INSERT INTO Caterer_Menu_Mapping(caterer_menu_mapping_id, item_id, caterer_id) VALUES(38, 38, 1);
INSERT INTO Caterer_Menu_Mapping(caterer_menu_mapping_id, item_id, caterer_id) VALUES(39, 39, 1);
INSERT INTO Caterer_Menu_Mapping(caterer_menu_mapping_id, item_id, caterer_id) VALUES(40, 40, 1);
INSERT INTO Caterer_Menu_Mapping(caterer_menu_mapping_id, item_id, caterer_id) VALUES(41, 41, 1);
INSERT INTO Caterer_Menu_Mapping(caterer_menu_mapping_id, item_id, caterer_id) VALUES(42, 42, 1);
INSERT INTO Caterer_Menu_Mapping(caterer_menu_mapping_id, item_id, caterer_id) VALUES(43, 43, 1);
INSERT INTO Caterer_Menu_Mapping(caterer_menu_mapping_id, item_id, caterer_id) VALUES(44, 44, 1);
INSERT INTO Caterer_Menu_Mapping(caterer_menu_mapping_id, item_id, caterer_id) VALUES(45, 45, 1);
INSERT INTO Caterer_Menu_Mapping(caterer_menu_mapping_id, item_id, caterer_id) VALUES(46, 46, 1);
INSERT INTO Caterer_Menu_Mapping(caterer_menu_mapping_id, item_id, caterer_id) VALUES(47, 47, 1);
INSERT INTO Caterer_Menu_Mapping(caterer_menu_mapping_id, item_id, caterer_id) VALUES(48, 48, 1);
INSERT INTO Caterer_Menu_Mapping(caterer_menu_mapping_id, item_id, caterer_id) VALUES(49, 49, 1);
INSERT INTO Caterer_Menu_Mapping(caterer_menu_mapping_id, item_id, caterer_id) VALUES(50, 50, 1);
INSERT INTO Caterer_Menu_Mapping(caterer_menu_mapping_id, item_id, caterer_id) VALUES(51, 51, 1);
INSERT INTO Caterer_Menu_Mapping(caterer_menu_mapping_id, item_id, caterer_id) VALUES(52, 52, 1);
INSERT INTO Caterer_Menu_Mapping(caterer_menu_mapping_id, item_id, caterer_id) VALUES(53, 53, 1);
INSERT INTO Caterer_Menu_Mapping(caterer_menu_mapping_id, item_id, caterer_id) VALUES(54, 54, 1);
INSERT INTO Caterer_Menu_Mapping(caterer_menu_mapping_id, item_id, caterer_id) VALUES(55, 55, 1);
INSERT INTO Caterer_Menu_Mapping(caterer_menu_mapping_id, item_id, caterer_id) VALUES(56, 56, 1);
INSERT INTO Caterer_Menu_Mapping(caterer_menu_mapping_id, item_id, caterer_id) VALUES(57, 57, 1);
INSERT INTO Caterer_Menu_Mapping(caterer_menu_mapping_id, item_id, caterer_id) VALUES(58, 58, 1);
INSERT INTO Caterer_Menu_Mapping(caterer_menu_mapping_id, item_id, caterer_id) VALUES(59, 59, 1);
INSERT INTO Caterer_Menu_Mapping(caterer_menu_mapping_id, item_id, caterer_id) VALUES(60, 60, 1);
INSERT INTO Caterer_Menu_Mapping(caterer_menu_mapping_id, item_id, caterer_id) VALUES(61, 61, 1);
INSERT INTO Caterer_Menu_Mapping(caterer_menu_mapping_id, item_id, caterer_id) VALUES(62, 62, 1);
INSERT INTO Caterer_Menu_Mapping(caterer_menu_mapping_id, item_id, caterer_id) VALUES(63, 63, 1);
INSERT INTO Caterer_Menu_Mapping(caterer_menu_mapping_id, item_id, caterer_id) VALUES(64, 64, 1);
INSERT INTO Caterer_Menu_Mapping(caterer_menu_mapping_id, item_id, caterer_id) VALUES(65, 65, 1);
INSERT INTO Caterer_Menu_Mapping(caterer_menu_mapping_id, item_id, caterer_id) VALUES(66, 66, 1);
INSERT INTO Caterer_Menu_Mapping(caterer_menu_mapping_id, item_id, caterer_id) VALUES(67, 67, 1);
INSERT INTO Caterer_Menu_Mapping(caterer_menu_mapping_id, item_id, caterer_id) VALUES(68, 68, 1);
INSERT INTO Caterer_Menu_Mapping(caterer_menu_mapping_id, item_id, caterer_id) VALUES(69, 69, 1);
INSERT INTO Caterer_Menu_Mapping(caterer_menu_mapping_id, item_id, caterer_id) VALUES(70, 10, 1);
INSERT INTO Caterer_Menu_Mapping(caterer_menu_mapping_id, item_id, caterer_id) VALUES(71, 71, 1);
INSERT INTO Caterer_Menu_Mapping(caterer_menu_mapping_id, item_id, caterer_id) VALUES(72, 72, 1);
INSERT INTO Caterer_Menu_Mapping(caterer_menu_mapping_id, item_id, caterer_id) VALUES(73, 73, 1);
INSERT INTO Caterer_Menu_Mapping(caterer_menu_mapping_id, item_id, caterer_id) VALUES(74, 74, 1);
INSERT INTO Caterer_Menu_Mapping(caterer_menu_mapping_id, item_id, caterer_id) VALUES(75, 75, 1);
INSERT INTO Caterer_Menu_Mapping(caterer_menu_mapping_id, item_id, caterer_id) VALUES(76, 76, 1);
INSERT INTO Caterer_Menu_Mapping(caterer_menu_mapping_id, item_id, caterer_id) VALUES(77, 77, 1);
INSERT INTO Caterer_Menu_Mapping(caterer_menu_mapping_id, item_id, caterer_id) VALUES(78, 78, 1);
INSERT INTO Caterer_Menu_Mapping(caterer_menu_mapping_id, item_id, caterer_id) VALUES(79, 79, 1);
INSERT INTO Caterer_Menu_Mapping(caterer_menu_mapping_id, item_id, caterer_id) VALUES(80, 80, 1);
INSERT INTO Caterer_Menu_Mapping(caterer_menu_mapping_id, item_id, caterer_id) VALUES(81, 81, 1);
INSERT INTO Caterer_Menu_Mapping(caterer_menu_mapping_id, item_id, caterer_id) VALUES(82, 82, 1);
INSERT INTO Caterer_Menu_Mapping(caterer_menu_mapping_id, item_id, caterer_id) VALUES(83, 83, 1);
INSERT INTO Caterer_Menu_Mapping(caterer_menu_mapping_id, item_id, caterer_id) VALUES(84, 84, 1);
INSERT INTO Caterer_Menu_Mapping(caterer_menu_mapping_id, item_id, caterer_id) VALUES(85, 85, 1);
INSERT INTO Caterer_Menu_Mapping(caterer_menu_mapping_id, item_id, caterer_id) VALUES(86, 86, 1);
INSERT INTO Caterer_Menu_Mapping(caterer_menu_mapping_id, item_id, caterer_id) VALUES(87, 87, 1);
INSERT INTO Caterer_Menu_Mapping(caterer_menu_mapping_id, item_id, caterer_id) VALUES(88, 88, 1);
INSERT INTO Caterer_Menu_Mapping(caterer_menu_mapping_id, item_id, caterer_id) VALUES(89, 89, 1);
INSERT INTO Caterer_Menu_Mapping(caterer_menu_mapping_id, item_id, caterer_id) VALUES(90, 90, 1);
INSERT INTO Caterer_Menu_Mapping(caterer_menu_mapping_id, item_id, caterer_id) VALUES(91, 91, 1);
INSERT INTO Caterer_Menu_Mapping(caterer_menu_mapping_id, item_id, caterer_id) VALUES(92, 92, 1);
INSERT INTO Caterer_Menu_Mapping(caterer_menu_mapping_id, item_id, caterer_id) VALUES(93, 93, 1);
INSERT INTO Caterer_Menu_Mapping(caterer_menu_mapping_id, item_id, caterer_id) VALUES(94, 94, 1);
INSERT INTO Caterer_Menu_Mapping(caterer_menu_mapping_id, item_id, caterer_id) VALUES(95, 95, 1);
INSERT INTO Caterer_Menu_Mapping(caterer_menu_mapping_id, item_id, caterer_id) VALUES(96, 96, 1);
INSERT INTO Caterer_Menu_Mapping(caterer_menu_mapping_id, item_id, caterer_id) VALUES(97, 97, 1);
INSERT INTO Caterer_Menu_Mapping(caterer_menu_mapping_id, item_id, caterer_id) VALUES(98, 98, 1);
INSERT INTO Caterer_Menu_Mapping(caterer_menu_mapping_id, item_id, caterer_id) VALUES(99, 99, 1);
INSERT INTO Caterer_Menu_Mapping(caterer_menu_mapping_id, item_id, caterer_id) VALUES(100, 100, 1);
INSERT INTO Caterer_Menu_Mapping(caterer_menu_mapping_id, item_id, caterer_id) VALUES(101, 101, 1);
INSERT INTO Caterer_Menu_Mapping(caterer_menu_mapping_id, item_id, caterer_id) VALUES(102, 102, 1);
INSERT INTO Caterer_Menu_Mapping(caterer_menu_mapping_id, item_id, caterer_id) VALUES(103, 103, 1);
INSERT INTO Caterer_Menu_Mapping(caterer_menu_mapping_id, item_id, caterer_id) VALUES(104, 104, 1);
INSERT INTO Caterer_Menu_Mapping(caterer_menu_mapping_id, item_id, caterer_id) VALUES(105, 105, 1);
INSERT INTO Caterer_Menu_Mapping(caterer_menu_mapping_id, item_id, caterer_id) VALUES(106, 106, 1);
INSERT INTO Caterer_Menu_Mapping(caterer_menu_mapping_id, item_id, caterer_id) VALUES(107, 107, 1);
INSERT INTO Caterer_Menu_Mapping(caterer_menu_mapping_id, item_id, caterer_id) VALUES(108, 108, 1);
INSERT INTO Caterer_Menu_Mapping(caterer_menu_mapping_id, item_id, caterer_id) VALUES(109, 109, 1);
INSERT INTO Caterer_Menu_Mapping(caterer_menu_mapping_id, item_id, caterer_id) VALUES(110, 110, 1);
INSERT INTO Caterer_Menu_Mapping(caterer_menu_mapping_id, item_id, caterer_id) VALUES(111, 111, 1);
INSERT INTO Caterer_Menu_Mapping(caterer_menu_mapping_id, item_id, caterer_id) VALUES(112, 112, 1);
INSERT INTO Caterer_Menu_Mapping(caterer_menu_mapping_id, item_id, caterer_id) VALUES(113, 113, 1);
INSERT INTO Caterer_Menu_Mapping(caterer_menu_mapping_id, item_id, caterer_id) VALUES(114, 114, 1);
INSERT INTO Caterer_Menu_Mapping(caterer_menu_mapping_id, item_id, caterer_id) VALUES(115, 115, 1);
INSERT INTO Caterer_Menu_Mapping(caterer_menu_mapping_id, item_id, caterer_id) VALUES(116, 116, 1);
INSERT INTO Caterer_Menu_Mapping(caterer_menu_mapping_id, item_id, caterer_id) VALUES(117, 117, 1);
INSERT INTO Caterer_Menu_Mapping(caterer_menu_mapping_id, item_id, caterer_id) VALUES(118, 118, 1);
INSERT INTO Caterer_Menu_Mapping(caterer_menu_mapping_id, item_id, caterer_id) VALUES(119, 119, 1);
INSERT INTO Caterer_Menu_Mapping(caterer_menu_mapping_id, item_id, caterer_id) VALUES(120, 120, 1);
INSERT INTO Caterer_Menu_Mapping(caterer_menu_mapping_id, item_id, caterer_id) VALUES(121, 121, 1);
INSERT INTO Caterer_Menu_Mapping(caterer_menu_mapping_id, item_id, caterer_id) VALUES(122, 122, 1);
INSERT INTO Caterer_Menu_Mapping(caterer_menu_mapping_id, item_id, caterer_id) VALUES(123, 123, 1);
INSERT INTO Caterer_Menu_Mapping(caterer_menu_mapping_id, item_id, caterer_id) VALUES(124, 124, 1);
INSERT INTO Caterer_Menu_Mapping(caterer_menu_mapping_id, item_id, caterer_id) VALUES(125, 125, 1);
INSERT INTO Caterer_Menu_Mapping(caterer_menu_mapping_id, item_id, caterer_id) VALUES(126, 126, 1);
INSERT INTO Caterer_Menu_Mapping(caterer_menu_mapping_id, item_id, caterer_id) VALUES(127, 127, 1);
INSERT INTO Caterer_Menu_Mapping(caterer_menu_mapping_id, item_id, caterer_id) VALUES(128, 128, 1);
INSERT INTO Caterer_Menu_Mapping(caterer_menu_mapping_id, item_id, caterer_id) VALUES(129, 129, 1);
INSERT INTO Caterer_Menu_Mapping(caterer_menu_mapping_id, item_id, caterer_id) VALUES(130, 130, 1);
--INSERT INTO Caterer_Menu_Mapping(caterer_menu_mapping_id, item_id, caterer_id) VALUES (131, 131, 2);
INSERT INTO Caterer_Menu_Mapping(caterer_menu_mapping_id, item_id, caterer_id) VALUES (132, 132, 2);
INSERT INTO Caterer_Menu_Mapping(caterer_menu_mapping_id, item_id, caterer_id) VALUES (133, 133, 2);
INSERT INTO Caterer_Menu_Mapping(caterer_menu_mapping_id, item_id, caterer_id) VALUES (134, 134, 2);
INSERT INTO Caterer_Menu_Mapping(caterer_menu_mapping_id, item_id, caterer_id) VALUES (135, 135, 2);
INSERT INTO Caterer_Menu_Mapping(caterer_menu_mapping_id, item_id, caterer_id) VALUES (136, 136, 2);
INSERT INTO Caterer_Menu_Mapping(caterer_menu_mapping_id, item_id, caterer_id) VALUES (137, 137, 2);
INSERT INTO Caterer_Menu_Mapping(caterer_menu_mapping_id, item_id, caterer_id) VALUES (138, 138, 2);
INSERT INTO Caterer_Menu_Mapping(caterer_menu_mapping_id, item_id, caterer_id) VALUES (139, 139, 2);
INSERT INTO Caterer_Menu_Mapping(caterer_menu_mapping_id, item_id, caterer_id) VALUES (140, 140, 2);
INSERT INTO Caterer_Menu_Mapping(caterer_menu_mapping_id, item_id, caterer_id) VALUES (141, 141, 2);
INSERT INTO Caterer_Menu_Mapping(caterer_menu_mapping_id, item_id, caterer_id) VALUES (142, 142, 2);
INSERT INTO Caterer_Menu_Mapping(caterer_menu_mapping_id, item_id, caterer_id) VALUES (143, 143, 2);
INSERT INTO Caterer_Menu_Mapping(caterer_menu_mapping_id, item_id, caterer_id) VALUES (144, 144, 2);
INSERT INTO Caterer_Menu_Mapping(caterer_menu_mapping_id, item_id, caterer_id) VALUES (145, 145, 2);
INSERT INTO Caterer_Menu_Mapping(caterer_menu_mapping_id, item_id, caterer_id) VALUES (146, 146, 2);
INSERT INTO Caterer_Menu_Mapping(caterer_menu_mapping_id, item_id, caterer_id) VALUES (147, 147, 2);
INSERT INTO Caterer_Menu_Mapping(caterer_menu_mapping_id, item_id, caterer_id) VALUES (148, 148, 2);
INSERT INTO Caterer_Menu_Mapping(caterer_menu_mapping_id, item_id, caterer_id) VALUES (149, 149, 2);
INSERT INTO Caterer_Menu_Mapping(caterer_menu_mapping_id, item_id, caterer_id) VALUES (150, 150, 2);
INSERT INTO Caterer_Menu_Mapping(caterer_menu_mapping_id, item_id, caterer_id) VALUES (151, 151, 2);
INSERT INTO Caterer_Menu_Mapping(caterer_menu_mapping_id, item_id, caterer_id) VALUES (152, 152, 2);
INSERT INTO Caterer_Menu_Mapping(caterer_menu_mapping_id, item_id, caterer_id) VALUES (153, 153, 2);
INSERT INTO Caterer_Menu_Mapping(caterer_menu_mapping_id, item_id, caterer_id) VALUES (154, 154, 2);
INSERT INTO Caterer_Menu_Mapping(caterer_menu_mapping_id, item_id, caterer_id) VALUES (155, 155, 2);
INSERT INTO Caterer_Menu_Mapping(caterer_menu_mapping_id, item_id, caterer_id) VALUES (156, 156, 2);
INSERT INTO Caterer_Menu_Mapping(caterer_menu_mapping_id, item_id, caterer_id) VALUES (157, 157, 2);
INSERT INTO Caterer_Menu_Mapping(caterer_menu_mapping_id, item_id, caterer_id) VALUES (158, 158, 2);
INSERT INTO Caterer_Menu_Mapping(caterer_menu_mapping_id, item_id, caterer_id) VALUES (159, 159, 2);
INSERT INTO Caterer_Menu_Mapping(caterer_menu_mapping_id, item_id, caterer_id) VALUES (160, 160, 2);
INSERT INTO Caterer_Menu_Mapping(caterer_menu_mapping_id, item_id, caterer_id) VALUES (161, 161, 2);
INSERT INTO Caterer_Menu_Mapping(caterer_menu_mapping_id, item_id, caterer_id) VALUES (162, 162, 2);
INSERT INTO Caterer_Menu_Mapping(caterer_menu_mapping_id, item_id, caterer_id) VALUES (163, 163, 2);
INSERT INTO Caterer_Menu_Mapping(caterer_menu_mapping_id, item_id, caterer_id) VALUES (164, 164, 2);
INSERT INTO Caterer_Menu_Mapping(caterer_menu_mapping_id, item_id, caterer_id) VALUES (165, 165, 2);
INSERT INTO Caterer_Menu_Mapping(caterer_menu_mapping_id, item_id, caterer_id) VALUES (166, 166, 2);
INSERT INTO Caterer_Menu_Mapping(caterer_menu_mapping_id, item_id, caterer_id) VALUES (167, 167, 2);
INSERT INTO Caterer_Menu_Mapping(caterer_menu_mapping_id, item_id, caterer_id) VALUES (168, 168, 2);
INSERT INTO Caterer_Menu_Mapping(caterer_menu_mapping_id, item_id, caterer_id) VALUES (169, 169, 2);
INSERT INTO Caterer_Menu_Mapping(caterer_menu_mapping_id, item_id, caterer_id) VALUES (170, 170, 2);
INSERT INTO Caterer_Menu_Mapping(caterer_menu_mapping_id, item_id, caterer_id) VALUES (171, 171, 2);
INSERT INTO Caterer_Menu_Mapping(caterer_menu_mapping_id, item_id, caterer_id) VALUES (172, 172, 2);
INSERT INTO Caterer_Menu_Mapping(caterer_menu_mapping_id, item_id, caterer_id) VALUES (173, 173, 2);
INSERT INTO Caterer_Menu_Mapping(caterer_menu_mapping_id, item_id, caterer_id) VALUES (174, 174, 2);
INSERT INTO Caterer_Menu_Mapping(caterer_menu_mapping_id, item_id, caterer_id) VALUES (175, 175, 2);
INSERT INTO Caterer_Menu_Mapping(caterer_menu_mapping_id, item_id, caterer_id) VALUES (176, 176, 2);
INSERT INTO Caterer_Menu_Mapping(caterer_menu_mapping_id, item_id, caterer_id) VALUES (177, 177, 2);
INSERT INTO Caterer_Menu_Mapping(caterer_menu_mapping_id, item_id, caterer_id) VALUES (178, 178, 2);
INSERT INTO Caterer_Menu_Mapping(caterer_menu_mapping_id, item_id, caterer_id) VALUES (179, 179, 2);
INSERT INTO Caterer_Menu_Mapping(caterer_menu_mapping_id, item_id, caterer_id) VALUES (180, 180, 2);
INSERT INTO Caterer_Menu_Mapping(caterer_menu_mapping_id, item_id, caterer_id) VALUES (181, 181, 2);
INSERT INTO Caterer_Menu_Mapping(caterer_menu_mapping_id, item_id, caterer_id) VALUES (182, 182, 2);
INSERT INTO Caterer_Menu_Mapping(caterer_menu_mapping_id, item_id, caterer_id) VALUES (183, 183, 2);
INSERT INTO Caterer_Menu_Mapping(caterer_menu_mapping_id, item_id, caterer_id) VALUES (184, 184, 2);
INSERT INTO Caterer_Menu_Mapping(caterer_menu_mapping_id, item_id, caterer_id) VALUES (185, 185, 2);
INSERT INTO Caterer_Menu_Mapping(caterer_menu_mapping_id, item_id, caterer_id) VALUES (186, 186, 2);
INSERT INTO Caterer_Menu_Mapping(caterer_menu_mapping_id, item_id, caterer_id) VALUES (187, 187, 2);
INSERT INTO Caterer_Menu_Mapping(caterer_menu_mapping_id, item_id, caterer_id) VALUES (188, 188, 2);
INSERT INTO Caterer_Menu_Mapping(caterer_menu_mapping_id, item_id, caterer_id) VALUES (189, 189, 2);
INSERT INTO Caterer_Menu_Mapping(caterer_menu_mapping_id, item_id, caterer_id) VALUES (190, 190, 2);
INSERT INTO Caterer_Menu_Mapping(caterer_menu_mapping_id, item_id, caterer_id) VALUES (191, 191, 2);
INSERT INTO Caterer_Menu_Mapping(caterer_menu_mapping_id, item_id, caterer_id) VALUES (192, 192, 2);
INSERT INTO Caterer_Menu_Mapping(caterer_menu_mapping_id, item_id, caterer_id) VALUES (193, 193, 2);
INSERT INTO Caterer_Menu_Mapping(caterer_menu_mapping_id, item_id, caterer_id) VALUES (194, 194, 2);
INSERT INTO Caterer_Menu_Mapping(caterer_menu_mapping_id, item_id, caterer_id) VALUES (195, 195, 2);
INSERT INTO Caterer_Menu_Mapping(caterer_menu_mapping_id, item_id, caterer_id) VALUES (196, 196, 2);
INSERT INTO Caterer_Menu_Mapping(caterer_menu_mapping_id, item_id, caterer_id) VALUES (197, 197, 2);
INSERT INTO Caterer_Menu_Mapping(caterer_menu_mapping_id, item_id, caterer_id) VALUES (198, 198, 2);
INSERT INTO Caterer_Menu_Mapping(caterer_menu_mapping_id, item_id, caterer_id) VALUES (199, 199, 2);
INSERT INTO Caterer_Menu_Mapping(caterer_menu_mapping_id, item_id, caterer_id) VALUES (200, 200, 2);
INSERT INTO Caterer_Menu_Mapping(caterer_menu_mapping_id, item_id, caterer_id) VALUES (201, 201, 2);
INSERT INTO Caterer_Menu_Mapping(caterer_menu_mapping_id, item_id, caterer_id) VALUES (202, 202, 2);
INSERT INTO Caterer_Menu_Mapping(caterer_menu_mapping_id, item_id, caterer_id) VALUES (203, 203, 2);
INSERT INTO Caterer_Menu_Mapping(caterer_menu_mapping_id, item_id, caterer_id) VALUES (204, 204, 2);
INSERT INTO Caterer_Menu_Mapping(caterer_menu_mapping_id, item_id, caterer_id) VALUES (205, 205, 2);
INSERT INTO Caterer_Menu_Mapping(caterer_menu_mapping_id, item_id, caterer_id) VALUES (206, 206, 2);
INSERT INTO Caterer_Menu_Mapping(caterer_menu_mapping_id, item_id, caterer_id) VALUES (207, 207, 2);
INSERT INTO Caterer_Menu_Mapping(caterer_menu_mapping_id, item_id, caterer_id) VALUES (208, 208, 2);
--INSERT INTO Caterer_Menu_Mapping(caterer_menu_mapping_id, item_id, caterer_id) VALUES (209, 209, 2);
--INSERT INTO Caterer_Menu_Mapping(caterer_menu_mapping_id, item_id, caterer_id) VALUES (210, 210, 2);
INSERT INTO Caterer_Menu_Mapping(caterer_menu_mapping_id, item_id, caterer_id) VALUES (211, 211, 2);
INSERT INTO Caterer_Menu_Mapping(caterer_menu_mapping_id, item_id, caterer_id) VALUES (212, 212, 2);
INSERT INTO Caterer_Menu_Mapping(caterer_menu_mapping_id, item_id, caterer_id) VALUES (213, 213, 2);
INSERT INTO Caterer_Menu_Mapping(caterer_menu_mapping_id, item_id, caterer_id) VALUES (214, 214, 2);
INSERT INTO Caterer_Menu_Mapping(caterer_menu_mapping_id, item_id, caterer_id) VALUES (215, 215, 2);
INSERT INTO Caterer_Menu_Mapping(caterer_menu_mapping_id, item_id, caterer_id) VALUES (216, 216, 2);
INSERT INTO Caterer_Menu_Mapping(caterer_menu_mapping_id, item_id, caterer_id) VALUES (217, 217, 2);
INSERT INTO Caterer_Menu_Mapping(caterer_menu_mapping_id, item_id, caterer_id) VALUES (218, 218, 2);
INSERT INTO Caterer_Menu_Mapping(caterer_menu_mapping_id, item_id, caterer_id) VALUES (219, 219, 2);
INSERT INTO Caterer_Menu_Mapping(caterer_menu_mapping_id, item_id, caterer_id) VALUES (220, 220, 2);
INSERT INTO Caterer_Menu_Mapping(caterer_menu_mapping_id, item_id, caterer_id) VALUES (221, 221, 2);
INSERT INTO Caterer_Menu_Mapping(caterer_menu_mapping_id, item_id, caterer_id) VALUES (222, 222, 2);
--INSERT INTO Caterer_Menu_Mapping(caterer_menu_mapping_id, item_id, caterer_id) VALUES (223, 223, 2);
--INSERT INTO Caterer_Menu_Mapping(caterer_menu_mapping_id, item_id, caterer_id) VALUES (224, 224, 2);
--INSERT INTO Caterer_Menu_Mapping(caterer_menu_mapping_id, item_id, caterer_id) VALUES (225, 225, 2);
--INSERT INTO Caterer_Menu_Mapping(caterer_menu_mapping_id, item_id, caterer_id) VALUES (226, 226, 2);
--INSERT INTO Caterer_Menu_Mapping(caterer_menu_mapping_id, item_id, caterer_id) VALUES (227, 227, 2);
--INSERT INTO Caterer_Menu_Mapping(caterer_menu_mapping_id, item_id, caterer_id) VALUES (228, 228, 2);
--INSERT INTO Caterer_Menu_Mapping(caterer_menu_mapping_id, item_id, caterer_id) VALUES (229, 229, 2);
--INSERT INTO Caterer_Menu_Mapping(caterer_menu_mapping_id, item_id, caterer_id) VALUES (230, 230, 2);
INSERT INTO Caterer_Menu_Mapping(caterer_menu_mapping_id, item_id, caterer_id) VALUES (231, 231, 2);
INSERT INTO Caterer_Menu_Mapping(caterer_menu_mapping_id, item_id, caterer_id) VALUES (232, 232, 2);
INSERT INTO Caterer_Menu_Mapping(caterer_menu_mapping_id, item_id, caterer_id) VALUES (233, 233, 2);
INSERT INTO Caterer_Menu_Mapping(caterer_menu_mapping_id, item_id, caterer_id) VALUES (234, 234, 2);
INSERT INTO Caterer_Menu_Mapping(caterer_menu_mapping_id, item_id, caterer_id) VALUES (235, 235, 2);
INSERT INTO Caterer_Menu_Mapping(caterer_menu_mapping_id, item_id, caterer_id) VALUES (236, 236, 2);
INSERT INTO Caterer_Menu_Mapping(caterer_menu_mapping_id, item_id, caterer_id) VALUES (237, 237, 2);
INSERT INTO Caterer_Menu_Mapping(caterer_menu_mapping_id, item_id, caterer_id) VALUES (238, 238, 2);
INSERT INTO Caterer_Menu_Mapping(caterer_menu_mapping_id, item_id, caterer_id) VALUES (239, 239, 2);
INSERT INTO Caterer_Menu_Mapping(caterer_menu_mapping_id, item_id, caterer_id) VALUES (240, 240, 2);
INSERT INTO Caterer_Menu_Mapping(caterer_menu_mapping_id, item_id, caterer_id) VALUES (241, 241, 2);
INSERT INTO Caterer_Menu_Mapping(caterer_menu_mapping_id, item_id, caterer_id) VALUES (242, 242, 2);
INSERT INTO Caterer_Menu_Mapping(caterer_menu_mapping_id, item_id, caterer_id) VALUES (243, 243, 2);
INSERT INTO Caterer_Menu_Mapping(caterer_menu_mapping_id, item_id, caterer_id) VALUES (244, 244, 2);
INSERT INTO Caterer_Menu_Mapping(caterer_menu_mapping_id, item_id, caterer_id) VALUES (245, 245, 2);
INSERT INTO Caterer_Menu_Mapping(caterer_menu_mapping_id, item_id, caterer_id) VALUES (246, 246, 2);
INSERT INTO Caterer_Menu_Mapping(caterer_menu_mapping_id, item_id, caterer_id) VALUES (247, 247, 2);
--INSERT INTO Caterer_Menu_Mapping(caterer_menu_mapping_id, item_id, caterer_id) VALUES (248, 248, 2);
--INSERT INTO Caterer_Menu_Mapping(caterer_menu_mapping_id, item_id, caterer_id) VALUES (249, 249, 2);
--INSERT INTO Caterer_Menu_Mapping(caterer_menu_mapping_id, item_id, caterer_id) VALUES (250, 250, 2);
INSERT INTO Caterer_Menu_Mapping(caterer_menu_mapping_id, item_id, caterer_id) VALUES (251, 251, 2);
INSERT INTO Caterer_Menu_Mapping(caterer_menu_mapping_id, item_id, caterer_id) VALUES (252, 252, 2);
INSERT INTO Caterer_Menu_Mapping(caterer_menu_mapping_id, item_id, caterer_id) VALUES (253, 253, 2);
INSERT INTO Caterer_Menu_Mapping(caterer_menu_mapping_id, item_id, caterer_id) VALUES (254, 254, 2);
INSERT INTO Caterer_Menu_Mapping(caterer_menu_mapping_id, item_id, caterer_id) VALUES (255, 255, 2);
INSERT INTO Caterer_Menu_Mapping(caterer_menu_mapping_id, item_id, caterer_id) VALUES (256, 256, 2);
INSERT INTO Caterer_Menu_Mapping(caterer_menu_mapping_id, item_id, caterer_id) VALUES (257, 257, 2);
INSERT INTO Caterer_Menu_Mapping(caterer_menu_mapping_id, item_id, caterer_id) VALUES (258, 258, 2);
INSERT INTO Caterer_Menu_Mapping(caterer_menu_mapping_id, item_id, caterer_id) VALUES (259, 259, 2);
INSERT INTO Caterer_Menu_Mapping(caterer_menu_mapping_id, item_id, caterer_id) VALUES (260, 260, 2);
INSERT INTO Caterer_Menu_Mapping(caterer_menu_mapping_id, item_id, caterer_id) VALUES (261, 261, 2); 
INSERT INTO Caterer_Menu_Mapping(caterer_menu_mapping_id, item_id, caterer_id) VALUES (262, 262, 2); 
INSERT INTO Caterer_Menu_Mapping(caterer_menu_mapping_id, item_id, caterer_id) VALUES (263, 263, 2); 
INSERT INTO Caterer_Menu_Mapping(caterer_menu_mapping_id, item_id, caterer_id) VALUES (264, 264, 2); 
INSERT INTO Caterer_Menu_Mapping(caterer_menu_mapping_id, item_id, caterer_id) VALUES (265, 265, 2); 
INSERT INTO Caterer_Menu_Mapping(caterer_menu_mapping_id, item_id, caterer_id) VALUES (266, 266, 2); 
INSERT INTO Caterer_Menu_Mapping(caterer_menu_mapping_id, item_id, caterer_id) VALUES (267, 267, 2); 
INSERT INTO Caterer_Menu_Mapping(caterer_menu_mapping_id, item_id, caterer_id) VALUES (268, 268, 2); 
INSERT INTO Caterer_Menu_Mapping(caterer_menu_mapping_id, item_id, caterer_id) VALUES (269, 269, 2); 
INSERT INTO Caterer_Menu_Mapping(caterer_menu_mapping_id, item_id, caterer_id) VALUES (270, 270, 2); 
INSERT INTO Caterer_Menu_Mapping(caterer_menu_mapping_id, item_id, caterer_id) VALUES (271, 271, 2); 
INSERT INTO Caterer_Menu_Mapping(caterer_menu_mapping_id, item_id, caterer_id) VALUES (272, 272, 2); 
INSERT INTO Caterer_Menu_Mapping(caterer_menu_mapping_id, item_id, caterer_id) VALUES (273, 273, 2); 
INSERT INTO Caterer_Menu_Mapping(caterer_menu_mapping_id, item_id, caterer_id) VALUES (274, 274, 2); 
INSERT INTO Caterer_Menu_Mapping(caterer_menu_mapping_id, item_id, caterer_id) VALUES (275, 275, 2); 
INSERT INTO Caterer_Menu_Mapping(caterer_menu_mapping_id, item_id, caterer_id) VALUES (276, 276, 2); 
INSERT INTO Caterer_Menu_Mapping(caterer_menu_mapping_id, item_id, caterer_id) VALUES (277, 277, 2); 
INSERT INTO Caterer_Menu_Mapping(caterer_menu_mapping_id, item_id, caterer_id) VALUES (278, 278, 2); 
INSERT INTO Caterer_Menu_Mapping(caterer_menu_mapping_id, item_id, caterer_id) VALUES (279, 279, 2); 
INSERT INTO Caterer_Menu_Mapping(caterer_menu_mapping_id, item_id, caterer_id) VALUES (280, 280, 2); 
INSERT INTO Caterer_Menu_Mapping(caterer_menu_mapping_id, item_id, caterer_id) VALUES (281, 281, 2); 
INSERT INTO Caterer_Menu_Mapping(caterer_menu_mapping_id, item_id, caterer_id) VALUES (282, 282, 2); 
INSERT INTO Caterer_Menu_Mapping(caterer_menu_mapping_id, item_id, caterer_id) VALUES (283, 283, 2);
INSERT INTO Caterer_Menu_Mapping(caterer_menu_mapping_id, item_id, caterer_id) VALUES (284, 284, 2);
INSERT INTO Caterer_Menu_Mapping(caterer_menu_mapping_id, item_id, caterer_id) VALUES (285, 285, 2);
INSERT INTO Caterer_Menu_Mapping(caterer_menu_mapping_id, item_id, caterer_id) VALUES (286, 286, 2);
INSERT INTO Caterer_Menu_Mapping(caterer_menu_mapping_id, item_id, caterer_id) VALUES (287, 287, 2);
--INSERT INTO Caterer_Menu_Mapping(caterer_menu_mapping_id, item_id, caterer_id) VALUES (288, 288, 2);
--INSERT INTO Caterer_Menu_Mapping(caterer_menu_mapping_id, item_id, caterer_id) VALUES (289, 289, 2);
--INSERT INTO Caterer_Menu_Mapping(caterer_menu_mapping_id, item_id, caterer_id) VALUES (290, 290, 2);
INSERT INTO Caterer_Menu_Mapping(caterer_menu_mapping_id, item_id, caterer_id) VALUES (291, 291, 2);
INSERT INTO Caterer_Menu_Mapping(caterer_menu_mapping_id, item_id, caterer_id) VALUES (292, 292, 2);
INSERT INTO Caterer_Menu_Mapping(caterer_menu_mapping_id, item_id, caterer_id) VALUES (293, 293, 2);
INSERT INTO Caterer_Menu_Mapping(caterer_menu_mapping_id, item_id, caterer_id) VALUES (294, 294, 2);
INSERT INTO Caterer_Menu_Mapping(caterer_menu_mapping_id, item_id, caterer_id) VALUES (295, 295, 2);
INSERT INTO Caterer_Menu_Mapping(caterer_menu_mapping_id, item_id, caterer_id) VALUES (296, 296, 2);
INSERT INTO Caterer_Menu_Mapping(caterer_menu_mapping_id, item_id, caterer_id) VALUES (297, 297, 2);
INSERT INTO Caterer_Menu_Mapping(caterer_menu_mapping_id, item_id, caterer_id) VALUES (298, 298, 2);
INSERT INTO Caterer_Menu_Mapping(caterer_menu_mapping_id, item_id, caterer_id) VALUES (299, 299, 2);
INSERT INTO Caterer_Menu_Mapping(caterer_menu_mapping_id, item_id, caterer_id) VALUES (300, 300, 2);
INSERT INTO Caterer_Menu_Mapping(caterer_menu_mapping_id, item_id, caterer_id) VALUES (301, 301, 2);
INSERT INTO Caterer_Menu_Mapping(caterer_menu_mapping_id, item_id, caterer_id) VALUES (302, 302, 2);
INSERT INTO Caterer_Menu_Mapping(caterer_menu_mapping_id, item_id, caterer_id) VALUES (303, 303, 2);
INSERT INTO Caterer_Menu_Mapping(caterer_menu_mapping_id, item_id, caterer_id) VALUES (304, 304, 2);
INSERT INTO Caterer_Menu_Mapping(caterer_menu_mapping_id, item_id, caterer_id) VALUES (305, 305, 2);
INSERT INTO Caterer_Menu_Mapping(caterer_menu_mapping_id, item_id, caterer_id) VALUES (306, 306, 2);
INSERT INTO Caterer_Menu_Mapping(caterer_menu_mapping_id, item_id, caterer_id) VALUES (307, 307, 2);
INSERT INTO Caterer_Menu_Mapping(caterer_menu_mapping_id, item_id, caterer_id) VALUES (308, 308, 2);
INSERT INTO Caterer_Menu_Mapping(caterer_menu_mapping_id, item_id, caterer_id) VALUES (309, 309, 2);
INSERT INTO Caterer_Menu_Mapping(caterer_menu_mapping_id, item_id, caterer_id) VALUES (310, 310, 2);
INSERT INTO Caterer_Menu_Mapping(caterer_menu_mapping_id, item_id, caterer_id) VALUES (311, 311, 2);
INSERT INTO Caterer_Menu_Mapping(caterer_menu_mapping_id, item_id, caterer_id) VALUES (312, 312, 2);
INSERT INTO Caterer_Menu_Mapping(caterer_menu_mapping_id, item_id, caterer_id) VALUES (313, 313, 2);
INSERT INTO Caterer_Menu_Mapping(caterer_menu_mapping_id, item_id, caterer_id) VALUES (314, 314, 2);
INSERT INTO Caterer_Menu_Mapping(caterer_menu_mapping_id, item_id, caterer_id) VALUES (315, 315, 2);
INSERT INTO Caterer_Menu_Mapping(caterer_menu_mapping_id, item_id, caterer_id) VALUES (316, 316, 2);
INSERT INTO Caterer_Menu_Mapping(caterer_menu_mapping_id, item_id, caterer_id) VALUES (317, 317, 2);
INSERT INTO Caterer_Menu_Mapping(caterer_menu_mapping_id, item_id, caterer_id) VALUES (318, 318, 2);
INSERT INTO Caterer_Menu_Mapping(caterer_menu_mapping_id, item_id, caterer_id) VALUES (319, 319, 2);
--INSERT INTO Caterer_Menu_Mapping(caterer_menu_mapping_id, item_id, caterer_id) VALUES (320, 320, 2);
--INSERT INTO Caterer_Menu_Mapping(caterer_menu_mapping_id, item_id, caterer_id) VALUES (321, 321, 2);
--INSERT INTO Caterer_Menu_Mapping(caterer_menu_mapping_id, item_id, caterer_id) VALUES (322, 322, 2);
--INSERT INTO Caterer_Menu_Mapping(caterer_menu_mapping_id, item_id, caterer_id) VALUES (323, 323, 2);
--INSERT INTO Caterer_Menu_Mapping(caterer_menu_mapping_id, item_id, caterer_id) VALUES (324, 324, 2);
--INSERT INTO Caterer_Menu_Mapping(caterer_menu_mapping_id, item_id, caterer_id) VALUES (325, 325, 2);
--INSERT INTO Caterer_Menu_Mapping(caterer_menu_mapping_id, item_id, caterer_id) VALUES (326, 326, 2);
--INSERT INTO Caterer_Menu_Mapping(caterer_menu_mapping_id, item_id, caterer_id) VALUES (327, 327, 2);
--INSERT INTO Caterer_Menu_Mapping(caterer_menu_mapping_id, item_id, caterer_id) VALUES (328, 328, 2);
--INSERT INTO Caterer_Menu_Mapping(caterer_menu_mapping_id, item_id, caterer_id) VALUES (329, 329, 2);
--INSERT INTO Caterer_Menu_Mapping(caterer_menu_mapping_id, item_id, caterer_id) VALUES (330, 330, 2);
INSERT INTO Caterer_Menu_Mapping(caterer_menu_mapping_id, item_id, caterer_id) VALUES (331, 331, 2);
INSERT INTO Caterer_Menu_Mapping(caterer_menu_mapping_id, item_id, caterer_id) VALUES (332, 332, 2);
INSERT INTO Caterer_Menu_Mapping(caterer_menu_mapping_id, item_id, caterer_id) VALUES (333, 333, 2);
INSERT INTO Caterer_Menu_Mapping(caterer_menu_mapping_id, item_id, caterer_id) VALUES (334, 334, 2);
INSERT INTO Caterer_Menu_Mapping(caterer_menu_mapping_id, item_id, caterer_id) VALUES (335, 335, 2);
INSERT INTO Caterer_Menu_Mapping(caterer_menu_mapping_id, item_id, caterer_id) VALUES (336, 336, 2);
INSERT INTO Caterer_Menu_Mapping(caterer_menu_mapping_id, item_id, caterer_id) VALUES (337, 337, 2);
INSERT INTO Caterer_Menu_Mapping(caterer_menu_mapping_id, item_id, caterer_id) VALUES (338, 338, 2);
--INSERT INTO Caterer_Menu_Mapping(caterer_menu_mapping_id, item_id, caterer_id) VALUES (339, 339, 2);
--INSERT INTO Caterer_Menu_Mapping(caterer_menu_mapping_id, item_id, caterer_id) VALUES (340, 340, 2);
INSERT INTO Caterer_Menu_Mapping(caterer_menu_mapping_id, item_id, caterer_id) VALUES (341, 341, 2);
INSERT INTO Caterer_Menu_Mapping(caterer_menu_mapping_id, item_id, caterer_id) VALUES (342, 342, 2);
INSERT INTO Caterer_Menu_Mapping(caterer_menu_mapping_id, item_id, caterer_id) VALUES (343, 343, 2);
INSERT INTO Caterer_Menu_Mapping(caterer_menu_mapping_id, item_id, caterer_id) VALUES (344, 344, 2);
INSERT INTO Caterer_Menu_Mapping(caterer_menu_mapping_id, item_id, caterer_id) VALUES (345, 345, 2);
INSERT INTO Caterer_Menu_Mapping(caterer_menu_mapping_id, item_id, caterer_id) VALUES (346, 346, 2);
INSERT INTO Caterer_Menu_Mapping(caterer_menu_mapping_id, item_id, caterer_id) VALUES (347, 347, 2);
INSERT INTO Caterer_Menu_Mapping(caterer_menu_mapping_id, item_id, caterer_id) VALUES (348, 348, 2);
INSERT INTO Caterer_Menu_Mapping(caterer_menu_mapping_id, item_id, caterer_id) VALUES (349, 349, 2);
INSERT INTO Caterer_Menu_Mapping(caterer_menu_mapping_id, item_id, caterer_id) VALUES (350, 350, 2);
INSERT INTO Caterer_Menu_Mapping(caterer_menu_mapping_id, item_id, caterer_id) VALUES (351, 351, 2);
INSERT INTO Caterer_Menu_Mapping(caterer_menu_mapping_id, item_id, caterer_id) VALUES (352, 352, 2);
INSERT INTO Caterer_Menu_Mapping(caterer_menu_mapping_id, item_id, caterer_id) VALUES (353, 353, 2);
INSERT INTO Caterer_Menu_Mapping(caterer_menu_mapping_id, item_id, caterer_id) VALUES (354, 354, 2);
INSERT INTO Caterer_Menu_Mapping(caterer_menu_mapping_id, item_id, caterer_id) VALUES (355, 355, 2);
INSERT INTO Caterer_Menu_Mapping(caterer_menu_mapping_id, item_id, caterer_id) VALUES (356, 356, 2);
INSERT INTO Caterer_Menu_Mapping(caterer_menu_mapping_id, item_id, caterer_id) VALUES (357, 357, 2);
INSERT INTO Caterer_Menu_Mapping(caterer_menu_mapping_id, item_id, caterer_id) VALUES (358, 358, 2);
--INSERT INTO Caterer_Menu_Mapping(caterer_menu_mapping_id, item_id, caterer_id) VALUES (359, 359, 2);
--INSERT INTO Caterer_Menu_Mapping(caterer_menu_mapping_id, item_id, caterer_id) VALUES (360, 360, 2);
--INSERT INTO Caterer_Menu_Mapping(caterer_menu_mapping_id, item_id, caterer_id) VALUES (361, 361, 2);
--INSERT INTO Caterer_Menu_Mapping(caterer_menu_mapping_id, item_id, caterer_id) VALUES (362, 362, 2);
--INSERT INTO Caterer_Menu_Mapping(caterer_menu_mapping_id, item_id, caterer_id) VALUES (363, 363, 2);
--INSERT INTO Caterer_Menu_Mapping(caterer_menu_mapping_id, item_id, caterer_id) VALUES (364, 364, 2);
--INSERT INTO Caterer_Menu_Mapping(caterer_menu_mapping_id, item_id, caterer_id) VALUES (365, 365, 2);
--INSERT INTO Caterer_Menu_Mapping(caterer_menu_mapping_id, item_id, caterer_id) VALUES (366, 366, 2);
--INSERT INTO Caterer_Menu_Mapping(caterer_menu_mapping_id, item_id, caterer_id) VALUES (367, 367, 2);
--INSERT INTO Caterer_Menu_Mapping(caterer_menu_mapping_id, item_id, caterer_id) VALUES (368, 368, 2);
--INSERT INTO Caterer_Menu_Mapping(caterer_menu_mapping_id, item_id, caterer_id) VALUES (369, 369, 2);
--INSERT INTO Caterer_Menu_Mapping(caterer_menu_mapping_id, item_id, caterer_id) VALUES (370, 370, 2);
INSERT INTO Caterer_Menu_Mapping(caterer_menu_mapping_id, item_id, caterer_id) VALUES (371, 371, 2);
INSERT INTO Caterer_Menu_Mapping(caterer_menu_mapping_id, item_id, caterer_id) VALUES (372, 372, 2);
INSERT INTO Caterer_Menu_Mapping(caterer_menu_mapping_id, item_id, caterer_id) VALUES (373, 373, 2);
INSERT INTO Caterer_Menu_Mapping(caterer_menu_mapping_id, item_id, caterer_id) VALUES (374, 374, 2);
INSERT INTO Caterer_Menu_Mapping(caterer_menu_mapping_id, item_id, caterer_id) VALUES (375, 375, 2);
INSERT INTO Caterer_Menu_Mapping(caterer_menu_mapping_id, item_id, caterer_id) VALUES (376, 376, 2);
INSERT INTO Caterer_Menu_Mapping(caterer_menu_mapping_id, item_id, caterer_id) VALUES (377, 377, 2);
INSERT INTO Caterer_Menu_Mapping(caterer_menu_mapping_id, item_id, caterer_id) VALUES (378, 378, 2);
INSERT INTO Caterer_Menu_Mapping(caterer_menu_mapping_id, item_id, caterer_id) VALUES (379, 379, 2);
INSERT INTO Caterer_Menu_Mapping(caterer_menu_mapping_id, item_id, caterer_id) VALUES (380, 380, 2);
INSERT INTO Caterer_Menu_Mapping(caterer_menu_mapping_id, item_id, caterer_id) VALUES (381, 381, 2);
INSERT INTO Caterer_Menu_Mapping(caterer_menu_mapping_id, item_id, caterer_id) VALUES (382, 382, 2);
INSERT INTO Caterer_Menu_Mapping(caterer_menu_mapping_id, item_id, caterer_id) VALUES (383, 383, 2);
INSERT INTO Caterer_Menu_Mapping(caterer_menu_mapping_id, item_id, caterer_id) VALUES (384, 384, 2);
INSERT INTO Caterer_Menu_Mapping(caterer_menu_mapping_id, item_id, caterer_id) VALUES (385, 385, 2);
INSERT INTO Caterer_Menu_Mapping(caterer_menu_mapping_id, item_id, caterer_id) VALUES (386, 386, 2);
INSERT INTO Caterer_Menu_Mapping(caterer_menu_mapping_id, item_id, caterer_id) VALUES (387, 387, 2);
INSERT INTO Caterer_Menu_Mapping(caterer_menu_mapping_id, item_id, caterer_id) VALUES (388, 388, 2);
INSERT INTO Caterer_Menu_Mapping(caterer_menu_mapping_id, item_id, caterer_id) VALUES (389, 389, 2);
INSERT INTO Caterer_Menu_Mapping(caterer_menu_mapping_id, item_id, caterer_id) VALUES (390, 390, 2);
INSERT INTO Caterer_Menu_Mapping(caterer_menu_mapping_id, item_id, caterer_id) VALUES (391, 391, 2);
INSERT INTO Caterer_Menu_Mapping(caterer_menu_mapping_id, item_id, caterer_id) VALUES (392, 392, 2);
INSERT INTO Caterer_Menu_Mapping(caterer_menu_mapping_id, item_id, caterer_id) VALUES (393, 393, 2);
INSERT INTO Caterer_Menu_Mapping(caterer_menu_mapping_id, item_id, caterer_id) VALUES (394, 394, 2);
INSERT INTO Caterer_Menu_Mapping(caterer_menu_mapping_id, item_id, caterer_id) VALUES (395, 395, 2);
INSERT INTO Caterer_Menu_Mapping(caterer_menu_mapping_id, item_id, caterer_id) VALUES (396, 396, 2);
INSERT INTO Caterer_Menu_Mapping(caterer_menu_mapping_id, item_id, caterer_id) VALUES (397, 397, 2);
INSERT INTO Caterer_Menu_Mapping(caterer_menu_mapping_id, item_id, caterer_id) VALUES (398, 398, 2);
INSERT INTO Caterer_Menu_Mapping(caterer_menu_mapping_id, item_id, caterer_id) VALUES (399, 399, 2);
--INSERT INTO Caterer_Menu_Mapping(caterer_menu_mapping_id, item_id, caterer_id) VALUES (400, 400, 2);
--INSERT INTO Caterer_Menu_Mapping(caterer_menu_mapping_id, item_id, caterer_id) VALUES (401, 401, 2);
--INSERT INTO Caterer_Menu_Mapping(caterer_menu_mapping_id, item_id, caterer_id) VALUES (402, 402, 2);
--INSERT INTO Caterer_Menu_Mapping(caterer_menu_mapping_id, item_id, caterer_id) VALUES (403, 403, 2);
--INSERT INTO Caterer_Menu_Mapping(caterer_menu_mapping_id, item_id, caterer_id) VALUES (404, 404, 2);
INSERT INTO Caterer_Menu_Mapping(caterer_menu_mapping_id, item_id, caterer_id) VALUES (405, 405, 2);
INSERT INTO Caterer_Menu_Mapping(caterer_menu_mapping_id, item_id, caterer_id) VALUES (406, 406, 2);
INSERT INTO Caterer_Menu_Mapping(caterer_menu_mapping_id, item_id, caterer_id) VALUES (407, 407, 2);
--INSERT INTO Caterer_Menu_Mapping(caterer_menu_mapping_id, item_id, caterer_id) VALUES (408, 408, 2);
INSERT INTO Caterer_Menu_Mapping(caterer_menu_mapping_id, item_id, caterer_id) VALUES (409, 409, 2);
INSERT INTO Caterer_Menu_Mapping(caterer_menu_mapping_id, item_id, caterer_id) VALUES (410, 410, 2);
INSERT INTO Caterer_Menu_Mapping(caterer_menu_mapping_id, item_id, caterer_id) VALUES (411, 411, 2);
INSERT INTO Caterer_Menu_Mapping(caterer_menu_mapping_id, item_id, caterer_id) VALUES (412, 412, 2);
INSERT INTO Caterer_Menu_Mapping(caterer_menu_mapping_id, item_id, caterer_id) VALUES (413, 413, 2);
INSERT INTO Caterer_Menu_Mapping(caterer_menu_mapping_id, item_id, caterer_id) VALUES (414, 414, 2);
INSERT INTO Caterer_Menu_Mapping(caterer_menu_mapping_id, item_id, caterer_id) VALUES (415, 415, 2);
INSERT INTO Caterer_Menu_Mapping(caterer_menu_mapping_id, item_id, caterer_id) VALUES (416, 416, 2);
INSERT INTO Caterer_Menu_Mapping(caterer_menu_mapping_id, item_id, caterer_id) VALUES (417, 417, 2);
INSERT INTO Caterer_Menu_Mapping(caterer_menu_mapping_id, item_id, caterer_id) VALUES (418, 418, 2);
INSERT INTO Caterer_Menu_Mapping(caterer_menu_mapping_id, item_id, caterer_id) VALUES (419, 419, 2);
INSERT INTO Caterer_Menu_Mapping(caterer_menu_mapping_id, item_id, caterer_id) VALUES (420, 420, 2);
INSERT INTO Caterer_Menu_Mapping(caterer_menu_mapping_id, item_id, caterer_id) VALUES (421, 421, 2);
INSERT INTO Caterer_Menu_Mapping(caterer_menu_mapping_id, item_id, caterer_id) VALUES (422, 422, 2);
INSERT INTO Caterer_Menu_Mapping(caterer_menu_mapping_id, item_id, caterer_id) VALUES (423, 423, 2);
INSERT INTO Caterer_Menu_Mapping(caterer_menu_mapping_id, item_id, caterer_id) VALUES (424, 424, 2);
INSERT INTO Caterer_Menu_Mapping(caterer_menu_mapping_id, item_id, caterer_id) VALUES (425, 425, 2);
INSERT INTO Caterer_Menu_Mapping(caterer_menu_mapping_id, item_id, caterer_id) VALUES (426, 426, 2);
INSERT INTO Caterer_Menu_Mapping(caterer_menu_mapping_id, item_id, caterer_id) VALUES (427, 427, 2);
INSERT INTO Caterer_Menu_Mapping(caterer_menu_mapping_id, item_id, caterer_id) VALUES (428, 428, 2);
INSERT INTO Caterer_Menu_Mapping(caterer_menu_mapping_id, item_id, caterer_id) VALUES (429, 429, 2);
INSERT INTO Caterer_Menu_Mapping(caterer_menu_mapping_id, item_id, caterer_id) VALUES (430, 430, 2);
INSERT INTO Caterer_Menu_Mapping(caterer_menu_mapping_id, item_id, caterer_id) VALUES (431, 431, 2);
INSERT INTO Caterer_Menu_Mapping(caterer_menu_mapping_id, item_id, caterer_id) VALUES (432, 432, 2);
INSERT INTO Caterer_Menu_Mapping(caterer_menu_mapping_id, item_id, caterer_id) VALUES (433, 433, 2);
INSERT INTO Caterer_Menu_Mapping(caterer_menu_mapping_id, item_id, caterer_id) VALUES (434, 434, 2);
INSERT INTO Caterer_Menu_Mapping(caterer_menu_mapping_id, item_id, caterer_id) VALUES (435, 435, 2);
INSERT INTO Caterer_Menu_Mapping(caterer_menu_mapping_id, item_id, caterer_id) VALUES (436, 436, 2);
INSERT INTO Caterer_Menu_Mapping(caterer_menu_mapping_id, item_id, caterer_id) VALUES (437, 437, 2);
INSERT INTO Caterer_Menu_Mapping(caterer_menu_mapping_id, item_id, caterer_id) VALUES (438, 438, 2);
INSERT INTO Caterer_Menu_Mapping(caterer_menu_mapping_id, item_id, caterer_id) VALUES (439, 439, 2);
INSERT INTO Caterer_Menu_Mapping(caterer_menu_mapping_id, item_id, caterer_id) VALUES (440, 440, 2);
INSERT INTO Caterer_Menu_Mapping(caterer_menu_mapping_id, item_id, caterer_id) VALUES (441, 441, 2);
INSERT INTO Caterer_Menu_Mapping(caterer_menu_mapping_id, item_id, caterer_id) VALUES (442, 442, 2);
INSERT INTO Caterer_Menu_Mapping(caterer_menu_mapping_id, item_id, caterer_id) VALUES (443, 443, 2);
INSERT INTO Caterer_Menu_Mapping(caterer_menu_mapping_id, item_id, caterer_id) VALUES (444, 444, 2);
INSERT INTO Caterer_Menu_Mapping(caterer_menu_mapping_id, item_id, caterer_id) VALUES (445, 445, 2);
INSERT INTO Caterer_Menu_Mapping(caterer_menu_mapping_id, item_id, caterer_id) VALUES (446, 446, 2);
INSERT INTO Caterer_Menu_Mapping(caterer_menu_mapping_id, item_id, caterer_id) VALUES (447, 447, 2);
INSERT INTO Caterer_Menu_Mapping(caterer_menu_mapping_id, item_id, caterer_id) VALUES (448, 448, 2);
INSERT INTO Caterer_Menu_Mapping(caterer_menu_mapping_id, item_id, caterer_id) VALUES (449, 449, 2);
INSERT INTO Caterer_Menu_Mapping(caterer_menu_mapping_id, item_id, caterer_id) VALUES (450, 450, 2);
INSERT INTO Caterer_Menu_Mapping(caterer_menu_mapping_id, item_id, caterer_id) VALUES (451, 451, 2);
INSERT INTO Caterer_Menu_Mapping(caterer_menu_mapping_id, item_id, caterer_id) VALUES (452, 452, 2);
INSERT INTO Caterer_Menu_Mapping(caterer_menu_mapping_id, item_id, caterer_id) VALUES (453, 453, 2);
INSERT INTO Caterer_Menu_Mapping(caterer_menu_mapping_id, item_id, caterer_id) VALUES (454, 454, 2);
INSERT INTO Caterer_Menu_Mapping(caterer_menu_mapping_id, item_id, caterer_id) VALUES (455, 455, 2);
INSERT INTO Caterer_Menu_Mapping(caterer_menu_mapping_id, item_id, caterer_id) VALUES (456, 456, 2);
INSERT INTO Caterer_Menu_Mapping(caterer_menu_mapping_id, item_id, caterer_id) VALUES (457, 457, 2);
INSERT INTO Caterer_Menu_Mapping(caterer_menu_mapping_id, item_id, caterer_id) VALUES (458, 458, 2);
--INSERT INTO Caterer_Menu_Mapping(caterer_menu_mapping_id, item_id, caterer_id) VALUES (459, 459, 2);
INSERT INTO Caterer_Menu_Mapping(caterer_menu_mapping_id, item_id, caterer_id) VALUES (460, 460, 2);
INSERT INTO Caterer_Menu_Mapping(caterer_menu_mapping_id, item_id, caterer_id) VALUES (461, 461, 2);
INSERT INTO Caterer_Menu_Mapping(caterer_menu_mapping_id, item_id, caterer_id) VALUES (462, 462, 2);
INSERT INTO Caterer_Menu_Mapping(caterer_menu_mapping_id, item_id, caterer_id) VALUES (463, 463, 2);
INSERT INTO Caterer_Menu_Mapping(caterer_menu_mapping_id, item_id, caterer_id) VALUES (464, 464, 2);
INSERT INTO Caterer_Menu_Mapping(caterer_menu_mapping_id, item_id, caterer_id) VALUES (465, 465, 2);
INSERT INTO Caterer_Menu_Mapping(caterer_menu_mapping_id, item_id, caterer_id) VALUES (466, 466, 2);
INSERT INTO Caterer_Menu_Mapping(caterer_menu_mapping_id, item_id, caterer_id) VALUES (467, 467, 2);
INSERT INTO Caterer_Menu_Mapping(caterer_menu_mapping_id, item_id, caterer_id) VALUES (468, 468, 2);
INSERT INTO Caterer_Menu_Mapping(caterer_menu_mapping_id, item_id, caterer_id) VALUES (469, 469, 2);
--INSERT INTO Caterer_Menu_Mapping(caterer_menu_mapping_id, item_id, caterer_id) VALUES (470, 470, 2);
--INSERT INTO Caterer_Menu_Mapping(caterer_menu_mapping_id, item_id, caterer_id) VALUES (471, 471, 2);
--INSERT INTO Caterer_Menu_Mapping(caterer_menu_mapping_id, item_id, caterer_id) VALUES (472, 472, 2);
--INSERT INTO Caterer_Menu_Mapping(caterer_menu_mapping_id, item_id, caterer_id) VALUES (473, 473, 2);
--INSERT INTO Caterer_Menu_Mapping(caterer_menu_mapping_id, item_id, caterer_id) VALUES (474, 474, 2);
--INSERT INTO Caterer_Menu_Mapping(caterer_menu_mapping_id, item_id, caterer_id) VALUES (475, 475, 2);
--INSERT INTO Caterer_Menu_Mapping(caterer_menu_mapping_id, item_id, caterer_id) VALUES (476, 476, 2);
--INSERT INTO Caterer_Menu_Mapping(caterer_menu_mapping_id, item_id, caterer_id) VALUES (477, 477, 2);
--INSERT INTO Caterer_Menu_Mapping(caterer_menu_mapping_id, item_id, caterer_id) VALUES (478, 478, 2);
--INSERT INTO Caterer_Menu_Mapping(caterer_menu_mapping_id, item_id, caterer_id) VALUES (479, 479, 2);
--INSERT INTO Caterer_Menu_Mapping(caterer_menu_mapping_id, item_id, caterer_id) VALUES (480, 480, 2);
INSERT INTO Caterer_Menu_Mapping(caterer_menu_mapping_id, item_id, caterer_id) VALUES (481, 481, 2);
INSERT INTO Caterer_Menu_Mapping(caterer_menu_mapping_id, item_id, caterer_id) VALUES (482, 482, 2);
INSERT INTO Caterer_Menu_Mapping(caterer_menu_mapping_id, item_id, caterer_id) VALUES (483, 483, 2);
INSERT INTO Caterer_Menu_Mapping(caterer_menu_mapping_id, item_id, caterer_id) VALUES (484, 484, 2);
INSERT INTO Caterer_Menu_Mapping(caterer_menu_mapping_id, item_id, caterer_id) VALUES (485, 485, 2);
INSERT INTO Caterer_Menu_Mapping(caterer_menu_mapping_id, item_id, caterer_id) VALUES (486, 486, 2);
INSERT INTO Caterer_Menu_Mapping(caterer_menu_mapping_id, item_id, caterer_id) VALUES (487, 487, 2);
INSERT INTO Caterer_Menu_Mapping(caterer_menu_mapping_id, item_id, caterer_id) VALUES (488, 488, 2);
INSERT INTO Caterer_Menu_Mapping(caterer_menu_mapping_id, item_id, caterer_id) VALUES (489, 489, 2);
INSERT INTO Caterer_Menu_Mapping(caterer_menu_mapping_id, item_id, caterer_id) VALUES (490, 490, 2);
INSERT INTO Caterer_Menu_Mapping(caterer_menu_mapping_id, item_id, caterer_id) VALUES (491, 491, 2);
INSERT INTO Caterer_Menu_Mapping(caterer_menu_mapping_id, item_id, caterer_id) VALUES (492, 492, 2);
INSERT INTO Caterer_Menu_Mapping(caterer_menu_mapping_id, item_id, caterer_id) VALUES (493, 493, 2);
INSERT INTO Caterer_Menu_Mapping(caterer_menu_mapping_id, item_id, caterer_id) VALUES (494, 494, 2);
INSERT INTO Caterer_Menu_Mapping(caterer_menu_mapping_id, item_id, caterer_id) VALUES (495, 495, 2);
INSERT INTO Caterer_Menu_Mapping(caterer_menu_mapping_id, item_id, caterer_id) VALUES (496, 496, 2);
INSERT INTO Caterer_Menu_Mapping(caterer_menu_mapping_id, item_id, caterer_id) VALUES (497, 497, 2);
INSERT INTO Caterer_Menu_Mapping(caterer_menu_mapping_id, item_id, caterer_id) VALUES (498, 498, 2);
INSERT INTO Caterer_Menu_Mapping(caterer_menu_mapping_id, item_id, caterer_id) VALUES (499, 499, 2);
INSERT INTO Caterer_Menu_Mapping(caterer_menu_mapping_id, item_id, caterer_id) VALUES (500, 500, 2);
INSERT INTO Caterer_Menu_Mapping(caterer_menu_mapping_id, item_id, caterer_id) VALUES (501, 501, 2);
INSERT INTO Caterer_Menu_Mapping(caterer_menu_mapping_id, item_id, caterer_id) VALUES (502, 502, 2);
INSERT INTO Caterer_Menu_Mapping(caterer_menu_mapping_id, item_id, caterer_id) VALUES (503, 503, 2);
INSERT INTO Caterer_Menu_Mapping(caterer_menu_mapping_id, item_id, caterer_id) VALUES (504, 504, 2);
INSERT INTO Caterer_Menu_Mapping(caterer_menu_mapping_id, item_id, caterer_id) VALUES (505, 505, 2);
INSERT INTO Caterer_Menu_Mapping(caterer_menu_mapping_id, item_id, caterer_id) VALUES (506, 506, 2);
--INSERT INTO Caterer_Menu_Mapping(caterer_menu_mapping_id, item_id, caterer_id) VALUES (507, 507, 2);
--INSERT INTO Caterer_Menu_Mapping(caterer_menu_mapping_id, item_id, caterer_id) VALUES (508, 508, 2);
--INSERT INTO Caterer_Menu_Mapping(caterer_menu_mapping_id, item_id, caterer_id) VALUES (509, 509, 2);
INSERT INTO Caterer_Menu_Mapping(caterer_menu_mapping_id, item_id, caterer_id) VALUES (510, 510, 2);
INSERT INTO Caterer_Menu_Mapping(caterer_menu_mapping_id, item_id, caterer_id) VALUES (511, 511, 2);
INSERT INTO Caterer_Menu_Mapping(caterer_menu_mapping_id, item_id, caterer_id) VALUES (512, 512, 2);
INSERT INTO Caterer_Menu_Mapping(caterer_menu_mapping_id, item_id, caterer_id) VALUES (513, 513, 2);
INSERT INTO Caterer_Menu_Mapping(caterer_menu_mapping_id, item_id, caterer_id) VALUES (514, 514, 2);
INSERT INTO Caterer_Menu_Mapping(caterer_menu_mapping_id, item_id, caterer_id) VALUES (515, 515, 2);
INSERT INTO Caterer_Menu_Mapping(caterer_menu_mapping_id, item_id, caterer_id) VALUES (516, 516, 2);
INSERT INTO Caterer_Menu_Mapping(caterer_menu_mapping_id, item_id, caterer_id) VALUES (517, 517, 2);
--INSERT INTO Caterer_Menu_Mapping(caterer_menu_mapping_id, item_id, caterer_id) VALUES (518, 518, 2);
--INSERT INTO Caterer_Menu_Mapping(caterer_menu_mapping_id, item_id, caterer_id) VALUES (519, 519, 2);
--INSERT INTO Caterer_Menu_Mapping(caterer_menu_mapping_id, item_id, caterer_id) VALUES (520, 520, 2);
--INSERT INTO Caterer_Menu_Mapping(caterer_menu_mapping_id, item_id, caterer_id) VALUES (521, 521, 2);
--INSERT INTO Caterer_Menu_Mapping(caterer_menu_mapping_id, item_id, caterer_id) VALUES (522, 522, 2);
--INSERT INTO Caterer_Menu_Mapping(caterer_menu_mapping_id, item_id, caterer_id) VALUES (523, 523, 2);
--INSERT INTO Caterer_Menu_Mapping(caterer_menu_mapping_id, item_id, caterer_id) VALUES (524, 524, 2);
--INSERT INTO Caterer_Menu_Mapping(caterer_menu_mapping_id, item_id, caterer_id) VALUES (525, 525, 2);
--INSERT INTO Caterer_Menu_Mapping(caterer_menu_mapping_id, item_id, caterer_id) VALUES (526, 526, 2);
--INSERT INTO Caterer_Menu_Mapping(caterer_menu_mapping_id, item_id, caterer_id) VALUES (527, 527, 2);
--INSERT INTO Caterer_Menu_Mapping(caterer_menu_mapping_id, item_id, caterer_id) VALUES (528, 528, 2);
--INSERT INTO Caterer_Menu_Mapping(caterer_menu_mapping_id, item_id, caterer_id) VALUES (529, 529, 2);
INSERT INTO Caterer_Menu_Mapping(caterer_menu_mapping_id, item_id, caterer_id) VALUES (530, 530, 2);
INSERT INTO Caterer_Menu_Mapping(caterer_menu_mapping_id, item_id, caterer_id) VALUES (531, 531, 2);
--INSERT INTO Caterer_Menu_Mapping(caterer_menu_mapping_id, item_id, caterer_id) VALUES (532, 532, 2);
--INSERT INTO Caterer_Menu_Mapping(caterer_menu_mapping_id, item_id, caterer_id) VALUES (533, 533, 2);
--INSERT INTO Caterer_Menu_Mapping(caterer_menu_mapping_id, item_id, caterer_id) VALUES (534, 534, 2);
--INSERT INTO Caterer_Menu_Mapping(caterer_menu_mapping_id, item_id, caterer_id) VALUES (535, 535, 2);
--INSERT INTO Caterer_Menu_Mapping(caterer_menu_mapping_id, item_id, caterer_id) VALUES (536, 536, 2);
--INSERT INTO Caterer_Menu_Mapping(caterer_menu_mapping_id, item_id, caterer_id) VALUES (537, 537, 2);
--INSERT INTO Caterer_Menu_Mapping(caterer_menu_mapping_id, item_id, caterer_id) VALUES (538, 538, 2);
--INSERT INTO Caterer_Menu_Mapping(caterer_menu_mapping_id, item_id, caterer_id) VALUES (539, 539, 2);
INSERT INTO Caterer_Menu_Mapping(caterer_menu_mapping_id, item_id, caterer_id) VALUES (540, 540, 2);
INSERT INTO Caterer_Menu_Mapping(caterer_menu_mapping_id, item_id, caterer_id) VALUES (541, 541, 2);
INSERT INTO Caterer_Menu_Mapping(caterer_menu_mapping_id, item_id, caterer_id) VALUES (542, 542, 2);
INSERT INTO Caterer_Menu_Mapping(caterer_menu_mapping_id, item_id, caterer_id) VALUES (543, 543, 2);
INSERT INTO Caterer_Menu_Mapping(caterer_menu_mapping_id, item_id, caterer_id) VALUES (544, 544, 2);
INSERT INTO Caterer_Menu_Mapping(caterer_menu_mapping_id, item_id, caterer_id) VALUES (545, 545, 2);
INSERT INTO Caterer_Menu_Mapping(caterer_menu_mapping_id, item_id, caterer_id) VALUES (546, 546, 2);
INSERT INTO Caterer_Menu_Mapping(caterer_menu_mapping_id, item_id, caterer_id) VALUES (547, 547, 2);
INSERT INTO Caterer_Menu_Mapping(caterer_menu_mapping_id, item_id, caterer_id) VALUES (548, 548, 2);
INSERT INTO Caterer_Menu_Mapping(caterer_menu_mapping_id, item_id, caterer_id) VALUES (549, 549, 2);
INSERT INTO Caterer_Menu_Mapping(caterer_menu_mapping_id, item_id, caterer_id) VALUES (550, 550, 2);
INSERT INTO Caterer_Menu_Mapping(caterer_menu_mapping_id, item_id, caterer_id) VALUES (551, 551, 2);
INSERT INTO Caterer_Menu_Mapping(caterer_menu_mapping_id, item_id, caterer_id) VALUES (552, 552, 2);
INSERT INTO Caterer_Menu_Mapping(caterer_menu_mapping_id, item_id, caterer_id) VALUES (553, 553, 2);
INSERT INTO Caterer_Menu_Mapping(caterer_menu_mapping_id, item_id, caterer_id) VALUES (554, 554, 2);
INSERT INTO Caterer_Menu_Mapping(caterer_menu_mapping_id, item_id, caterer_id) VALUES (555, 555, 2);
INSERT INTO Caterer_Menu_Mapping(caterer_menu_mapping_id, item_id, caterer_id) VALUES (556, 556, 2);
INSERT INTO Caterer_Menu_Mapping(caterer_menu_mapping_id, item_id, caterer_id) VALUES (557, 557, 2);
INSERT INTO Caterer_Menu_Mapping(caterer_menu_mapping_id, item_id, caterer_id) VALUES (558, 558, 2);
INSERT INTO Caterer_Menu_Mapping(caterer_menu_mapping_id, item_id, caterer_id) VALUES (559, 559, 2);
INSERT INTO Caterer_Menu_Mapping(caterer_menu_mapping_id, item_id, caterer_id) VALUES (560, 560, 2);
INSERT INTO Caterer_Menu_Mapping(caterer_menu_mapping_id, item_id, caterer_id) VALUES (561, 561, 2);
--INSERT INTO Caterer_Menu_Mapping(caterer_menu_mapping_id, item_id, caterer_id) VALUES (562, 562, 2);
--INSERT INTO Caterer_Menu_Mapping(caterer_menu_mapping_id, item_id, caterer_id) VALUES (563, 563, 2);
--INSERT INTO Caterer_Menu_Mapping(caterer_menu_mapping_id, item_id, caterer_id) VALUES (564, 564, 2);
--INSERT INTO Caterer_Menu_Mapping(caterer_menu_mapping_id, item_id, caterer_id) VALUES (565, 565, 2);
--INSERT INTO Caterer_Menu_Mapping(caterer_menu_mapping_id, item_id, caterer_id) VALUES (566, 566, 2);
--INSERT INTO Caterer_Menu_Mapping(caterer_menu_mapping_id, item_id, caterer_id) VALUES (567, 567, 2);
--INSERT INTO Caterer_Menu_Mapping(caterer_menu_mapping_id, item_id, caterer_id) VALUES (568, 568, 2);
--INSERT INTO Caterer_Menu_Mapping(caterer_menu_mapping_id, item_id, caterer_id) VALUES (569, 569, 2);
INSERT INTO Caterer_Menu_Mapping(caterer_menu_mapping_id, item_id, caterer_id) VALUES (570, 570, 2);
INSERT INTO Caterer_Menu_Mapping(caterer_menu_mapping_id, item_id, caterer_id) VALUES (571, 571, 2);
INSERT INTO Caterer_Menu_Mapping(caterer_menu_mapping_id, item_id, caterer_id) VALUES (572, 572, 2);
INSERT INTO Caterer_Menu_Mapping(caterer_menu_mapping_id, item_id, caterer_id) VALUES (573, 573, 2);
INSERT INTO Caterer_Menu_Mapping(caterer_menu_mapping_id, item_id, caterer_id) VALUES (574, 574, 2);
INSERT INTO Caterer_Menu_Mapping(caterer_menu_mapping_id, item_id, caterer_id) VALUES (575, 575, 2);
INSERT INTO Caterer_Menu_Mapping(caterer_menu_mapping_id, item_id, caterer_id) VALUES (576, 576, 2);
INSERT INTO Caterer_Menu_Mapping(caterer_menu_mapping_id, item_id, caterer_id) VALUES (577, 577, 2);
--INSERT INTO Caterer_Menu_Mapping(caterer_menu_mapping_id, item_id, caterer_id) VALUES (578, 578, 2);
--INSERT INTO Caterer_Menu_Mapping(caterer_menu_mapping_id, item_id, caterer_id) VALUES (579, 579, 2);
--INSERT INTO Caterer_Menu_Mapping(caterer_menu_mapping_id, item_id, caterer_id) VALUES (580, 580, 2);
--INSERT INTO Caterer_Menu_Mapping(caterer_menu_mapping_id, item_id, caterer_id) VALUES (581, 581, 2);
--INSERT INTO Caterer_Menu_Mapping(caterer_menu_mapping_id, item_id, caterer_id) VALUES (582, 582, 2);
--INSERT INTO Caterer_Menu_Mapping(caterer_menu_mapping_id, item_id, caterer_id) VALUES (583, 583, 2);
--INSERT INTO Caterer_Menu_Mapping(caterer_menu_mapping_id, item_id, caterer_id) VALUES (584, 584, 2);
--INSERT INTO Caterer_Menu_Mapping(caterer_menu_mapping_id, item_id, caterer_id) VALUES (585, 585, 2);
--INSERT INTO Caterer_Menu_Mapping(caterer_menu_mapping_id, item_id, caterer_id) VALUES (586, 586, 2);
--INSERT INTO Caterer_Menu_Mapping(caterer_menu_mapping_id, item_id, caterer_id) VALUES (587, 587, 2);
--INSERT INTO Caterer_Menu_Mapping(caterer_menu_mapping_id, item_id, caterer_id) VALUES (588, 588, 2);
--INSERT INTO Caterer_Menu_Mapping(caterer_menu_mapping_id, item_id, caterer_id) VALUES (589, 589, 2);
--INSERT INTO Caterer_Menu_Mapping(caterer_menu_mapping_id, item_id, caterer_id) VALUES (590, 590, 2);
--INSERT INTO Caterer_Menu_Mapping(caterer_menu_mapping_id, item_id, caterer_id) VALUES (591, 591, 2);
--INSERT INTO Caterer_Menu_Mapping(caterer_menu_mapping_id, item_id, caterer_id) VALUES (592, 592, 2);
--INSERT INTO Caterer_Menu_Mapping(caterer_menu_mapping_id, item_id, caterer_id) VALUES (593, 593, 2);
--INSERT INTO Caterer_Menu_Mapping(caterer_menu_mapping_id, item_id, caterer_id) VALUES (594, 594, 2);
--INSERT INTO Caterer_Menu_Mapping(caterer_menu_mapping_id, item_id, caterer_id) VALUES (595, 595, 2);
--INSERT INTO Caterer_Menu_Mapping(caterer_menu_mapping_id, item_id, caterer_id) VALUES (596, 596, 2);
--INSERT INTO Caterer_Menu_Mapping(caterer_menu_mapping_id, item_id, caterer_id) VALUES (597, 597, 2);
--INSERT INTO Caterer_Menu_Mapping(caterer_menu_mapping_id, item_id, caterer_id) VALUES (598, 598, 2);
--INSERT INTO Caterer_Menu_Mapping(caterer_menu_mapping_id, item_id, caterer_id) VALUES (599, 599, 2);
--INSERT INTO Caterer_Menu_Mapping(caterer_menu_mapping_id, item_id, caterer_id) VALUES (600, 600, 2);
--INSERT INTO Caterer_Menu_Mapping(caterer_menu_mapping_id, item_id, caterer_id) VALUES (601, 601, 2);
--INSERT INTO Caterer_Menu_Mapping(caterer_menu_mapping_id, item_id, caterer_id) VALUES (602, 602, 2);
--INSERT INTO Caterer_Menu_Mapping(caterer_menu_mapping_id, item_id, caterer_id) VALUES (603, 603, 2);
--INSERT INTO Caterer_Menu_Mapping(caterer_menu_mapping_id, item_id, caterer_id) VALUES (604, 604, 2);
--INSERT INTO Caterer_Menu_Mapping(caterer_menu_mapping_id, item_id, caterer_id) VALUES (605, 605, 2);
--INSERT INTO Caterer_Menu_Mapping(caterer_menu_mapping_id, item_id, caterer_id) VALUES (606, 606, 2);
--INSERT INTO Caterer_Menu_Mapping(caterer_menu_mapping_id, item_id, caterer_id) VALUES (607, 607, 2);
--INSERT INTO Caterer_Menu_Mapping(caterer_menu_mapping_id, item_id, caterer_id) VALUES (608, 608, 2);
--INSERT INTO Caterer_Menu_Mapping(caterer_menu_mapping_id, item_id, caterer_id) VALUES (609, 609, 2);
--INSERT INTO Caterer_Menu_Mapping(caterer_menu_mapping_id, item_id, caterer_id) VALUES (610, 610, 2);
--INSERT INTO Caterer_Menu_Mapping(caterer_menu_mapping_id, item_id, caterer_id) VALUES (611, 611, 2);
--INSERT INTO Caterer_Menu_Mapping(caterer_menu_mapping_id, item_id, caterer_id) VALUES (612, 612, 2);
--INSERT INTO Caterer_Menu_Mapping(caterer_menu_mapping_id, item_id, caterer_id) VALUES (613, 613, 2);
--INSERT INTO Caterer_Menu_Mapping(caterer_menu_mapping_id, item_id, caterer_id) VALUES (614, 614, 2);
--INSERT INTO Caterer_Menu_Mapping(caterer_menu_mapping_id, item_id, caterer_id) VALUES (615, 615, 2);
--INSERT INTO Caterer_Menu_Mapping(caterer_menu_mapping_id, item_id, caterer_id) VALUES (616, 616, 2);
--INSERT INTO Caterer_Menu_Mapping(caterer_menu_mapping_id, item_id, caterer_id) VALUES (617, 617, 2);
--INSERT INTO Caterer_Menu_Mapping(caterer_menu_mapping_id, item_id, caterer_id) VALUES (618, 618, 2);
--INSERT INTO Caterer_Menu_Mapping(caterer_menu_mapping_id, item_id, caterer_id) VALUES (619, 619, 2);
--INSERT INTO Caterer_Menu_Mapping(caterer_menu_mapping_id, item_id, caterer_id) VALUES (620, 620, 2);
--INSERT INTO Caterer_Menu_Mapping(caterer_menu_mapping_id, item_id, caterer_id) VALUES (621, 621, 2);
--INSERT INTO Caterer_Menu_Mapping(caterer_menu_mapping_id, item_id, caterer_id) VALUES (622, 622, 2);
--INSERT INTO Caterer_Menu_Mapping(caterer_menu_mapping_id, item_id, caterer_id) VALUES (623, 623, 2);
--INSERT INTO Caterer_Menu_Mapping(caterer_menu_mapping_id, item_id, caterer_id) VALUES (624, 624, 2);
--INSERT INTO Caterer_Menu_Mapping(caterer_menu_mapping_id, item_id, caterer_id) VALUES (625, 625, 2);
--INSERT INTO Caterer_Menu_Mapping(caterer_menu_mapping_id, item_id, caterer_id) VALUES (626, 626, 2);
--INSERT INTO Caterer_Menu_Mapping(caterer_menu_mapping_id, item_id, caterer_id) VALUES (627, 627, 2);
--INSERT INTO Caterer_Menu_Mapping(caterer_menu_mapping_id, item_id, caterer_id) VALUES (628, 628, 2);
--INSERT INTO Caterer_Menu_Mapping(caterer_menu_mapping_id, item_id, caterer_id) VALUES (629, 629, 2);
INSERT INTO Caterer_Menu_Mapping(caterer_menu_mapping_id, item_id, caterer_id) VALUES (630, 630, 2);
INSERT INTO Caterer_Menu_Mapping(caterer_menu_mapping_id, item_id, caterer_id) VALUES (631, 631, 2);
INSERT INTO Caterer_Menu_Mapping(caterer_menu_mapping_id, item_id, caterer_id) VALUES (632, 632, 2);
INSERT INTO Caterer_Menu_Mapping(caterer_menu_mapping_id, item_id, caterer_id) VALUES (633, 633, 2);
INSERT INTO Caterer_Menu_Mapping(caterer_menu_mapping_id, item_id, caterer_id) VALUES (634, 634, 2);
INSERT INTO Caterer_Menu_Mapping(caterer_menu_mapping_id, item_id, caterer_id) VALUES (635, 635, 2);
INSERT INTO Caterer_Menu_Mapping(caterer_menu_mapping_id, item_id, caterer_id) VALUES (636, 636, 2);
INSERT INTO Caterer_Menu_Mapping(caterer_menu_mapping_id, item_id, caterer_id) VALUES (637, 637, 2);
--INSERT INTO Caterer_Menu_Mapping(caterer_menu_mapping_id, item_id, caterer_id) VALUES (638, 638, 2);
--INSERT INTO Caterer_Menu_Mapping(caterer_menu_mapping_id, item_id, caterer_id) VALUES (639, 639, 2);
--INSERT INTO Caterer_Menu_Mapping(caterer_menu_mapping_id, item_id, caterer_id) VALUES (640, 640, 2);
--INSERT INTO Caterer_Menu_Mapping(caterer_menu_mapping_id, item_id, caterer_id) VALUES (641, 641, 2);
--INSERT INTO Caterer_Menu_Mapping(caterer_menu_mapping_id, item_id, caterer_id) VALUES (642, 642, 2);
--INSERT INTO Caterer_Menu_Mapping(caterer_menu_mapping_id, item_id, caterer_id) VALUES (643, 643, 2);
--INSERT INTO Caterer_Menu_Mapping(caterer_menu_mapping_id, item_id, caterer_id) VALUES (644, 644, 2);
--INSERT INTO Caterer_Menu_Mapping(caterer_menu_mapping_id, item_id, caterer_id) VALUES (645, 645, 2);
--INSERT INTO Caterer_Menu_Mapping(caterer_menu_mapping_id, item_id, caterer_id) VALUES (646, 646, 2);
--INSERT INTO Caterer_Menu_Mapping(caterer_menu_mapping_id, item_id, caterer_id) VALUES (647, 647, 2);
--INSERT INTO Caterer_Menu_Mapping(caterer_menu_mapping_id, item_id, caterer_id) VALUES (648, 648, 2);
--INSERT INTO Caterer_Menu_Mapping(caterer_menu_mapping_id, item_id, caterer_id) VALUES (649, 649, 2);
--INSERT INTO Caterer_Menu_Mapping(caterer_menu_mapping_id, item_id, caterer_id) VALUES (650, 650, 2);
--INSERT INTO Caterer_Menu_Mapping(caterer_menu_mapping_id, item_id, caterer_id) VALUES (651, 651, 2);
--INSERT INTO Caterer_Menu_Mapping(caterer_menu_mapping_id, item_id, caterer_id) VALUES (652, 652, 2);
--INSERT INTO Caterer_Menu_Mapping(caterer_menu_mapping_id, item_id, caterer_id) VALUES (653, 653, 2);
--INSERT INTO Caterer_Menu_Mapping(caterer_menu_mapping_id, item_id, caterer_id) VALUES (654, 654, 2);
--INSERT INTO Caterer_Menu_Mapping(caterer_menu_mapping_id, item_id, caterer_id) VALUES (655, 655, 2);
--INSERT INTO Caterer_Menu_Mapping(caterer_menu_mapping_id, item_id, caterer_id) VALUES (656, 656, 2);
--INSERT INTO Caterer_Menu_Mapping(caterer_menu_mapping_id, item_id, caterer_id) VALUES (657, 657, 2);
--INSERT INTO Caterer_Menu_Mapping(caterer_menu_mapping_id, item_id, caterer_id) VALUES (658, 658, 2);
--INSERT INTO Caterer_Menu_Mapping(caterer_menu_mapping_id, item_id, caterer_id) VALUES (659, 659, 2);
--INSERT INTO Caterer_Menu_Mapping(caterer_menu_mapping_id, item_id, caterer_id) VALUES (660, 660, 2);
--INSERT INTO Caterer_Menu_Mapping(caterer_menu_mapping_id, item_id, caterer_id) VALUES (661, 661, 2);
--INSERT INTO Caterer_Menu_Mapping(caterer_menu_mapping_id, item_id, caterer_id) VALUES (662, 662, 2);
--INSERT INTO Caterer_Menu_Mapping(caterer_menu_mapping_id, item_id, caterer_id) VALUES (663, 663, 2);
--INSERT INTO Caterer_Menu_Mapping(caterer_menu_mapping_id, item_id, caterer_id) VALUES (664, 664, 2);
--INSERT INTO Caterer_Menu_Mapping(caterer_menu_mapping_id, item_id, caterer_id) VALUES (665, 665, 2);
--INSERT INTO Caterer_Menu_Mapping(caterer_menu_mapping_id, item_id, caterer_id) VALUES (666, 666, 2);
--INSERT INTO Caterer_Menu_Mapping(caterer_menu_mapping_id, item_id, caterer_id) VALUES (667, 667, 2);
--INSERT INTO Caterer_Menu_Mapping(caterer_menu_mapping_id, item_id, caterer_id) VALUES (668, 668, 2);
--INSERT INTO Caterer_Menu_Mapping(caterer_menu_mapping_id, item_id, caterer_id) VALUES (669, 669, 2);
--INSERT INTO Caterer_Menu_Mapping(caterer_menu_mapping_id, item_id, caterer_id) VALUES (670, 670, 2);
--INSERT INTO Caterer_Menu_Mapping(caterer_menu_mapping_id, item_id, caterer_id) VALUES (671, 671, 2);
--INSERT INTO Caterer_Menu_Mapping(caterer_menu_mapping_id, item_id, caterer_id) VALUES (672, 672, 2);
--INSERT INTO Caterer_Menu_Mapping(caterer_menu_mapping_id, item_id, caterer_id) VALUES (673, 673, 2);
--INSERT INTO Caterer_Menu_Mapping(caterer_menu_mapping_id, item_id, caterer_id) VALUES (674, 674, 2);
--INSERT INTO Caterer_Menu_Mapping(caterer_menu_mapping_id, item_id, caterer_id) VALUES (675, 675, 2);
--INSERT INTO Caterer_Menu_Mapping(caterer_menu_mapping_id, item_id, caterer_id) VALUES (676, 676, 2);
--INSERT INTO Caterer_Menu_Mapping(caterer_menu_mapping_id, item_id, caterer_id) VALUES (677, 677, 2);
--INSERT INTO Caterer_Menu_Mapping(caterer_menu_mapping_id, item_id, caterer_id) VALUES (678, 678, 2);
INSERT INTO Caterer_Menu_Mapping(caterer_menu_mapping_id, item_id, caterer_id) VALUES (679, 679, 2);
INSERT INTO Caterer_Menu_Mapping(caterer_menu_mapping_id, item_id, caterer_id) VALUES (680, 680, 2);
INSERT INTO Caterer_Menu_Mapping(caterer_menu_mapping_id, item_id, caterer_id) VALUES (681, 681, 2);


----------------------------------------
--INSERT SCRIPTS FOR DAILY_MENU  TABLE--
----------------------------------------
INSERT INTO Daily_Menu(daily_menu_id, caterer_id, menu_date) VALUES (1, 1, SYSDATE);
INSERT INTO Daily_Menu(daily_menu_id, caterer_id, menu_date) VALUES (2, 2, SYSDATE);


-----------------------------------------------
--INSERT SCRIPTS FOR DAILY_MENU_MAPPING TABLE--
-----------------------------------------------
INSERT INTO Daily_Menu_Mapping(daily_menu_mapping_id, item_id, daily_menu_id) VALUES (1, 1, 1);
INSERT INTO Daily_Menu_Mapping(daily_menu_mapping_id, item_id, daily_menu_id) VALUES (2, 2, 1);
INSERT INTO Daily_Menu_Mapping(daily_menu_mapping_id, item_id, daily_menu_id) VALUES (3, 3, 1);
INSERT INTO Daily_Menu_Mapping(daily_menu_mapping_id, item_id, daily_menu_id) VALUES (4, 4, 1);
INSERT INTO Daily_Menu_Mapping(daily_menu_mapping_id, item_id, daily_menu_id) VALUES (5, 5, 1);
INSERT INTO Daily_Menu_Mapping(daily_menu_mapping_id, item_id, daily_menu_id) VALUES (6, 6, 1);
INSERT INTO Daily_Menu_Mapping(daily_menu_mapping_id, item_id, daily_menu_id) VALUES (7, 7, 1);
INSERT INTO Daily_Menu_Mapping(daily_menu_mapping_id, item_id, daily_menu_id) VALUES (8, 8, 1);
INSERT INTO Daily_Menu_Mapping(daily_menu_mapping_id, item_id, daily_menu_id) VALUES (9, 9, 1);
INSERT INTO Daily_Menu_Mapping(daily_menu_mapping_id, item_id, daily_menu_id) VALUES (10, 10, 1);
INSERT INTO Daily_Menu_Mapping(daily_menu_mapping_id, item_id, daily_menu_id) VALUES (11, 11, 1);
INSERT INTO Daily_Menu_Mapping(daily_menu_mapping_id, item_id, daily_menu_id) VALUES (12, 12, 1);
INSERT INTO Daily_Menu_Mapping(daily_menu_mapping_id, item_id, daily_menu_id) VALUES (13, 13, 1);
INSERT INTO Daily_Menu_Mapping(daily_menu_mapping_id, item_id, daily_menu_id) VALUES (14, 14, 1);
INSERT INTO Daily_Menu_Mapping(daily_menu_mapping_id, item_id, daily_menu_id) VALUES (15, 15, 1);
INSERT INTO Daily_Menu_Mapping(daily_menu_mapping_id, item_id, daily_menu_id) VALUES (16, 16, 1);
INSERT INTO Daily_Menu_Mapping(daily_menu_mapping_id, item_id, daily_menu_id) VALUES (17, 19, 1);
INSERT INTO Daily_Menu_Mapping(daily_menu_mapping_id, item_id, daily_menu_id) VALUES (18, 20, 1);
INSERT INTO Daily_Menu_Mapping(daily_menu_mapping_id, item_id, daily_menu_id) VALUES (19, 21, 1);
INSERT INTO Daily_Menu_Mapping(daily_menu_mapping_id, item_id, daily_menu_id) VALUES (20, 22, 1);
INSERT INTO Daily_Menu_Mapping(daily_menu_mapping_id, item_id, daily_menu_id) VALUES (21, 23, 1);
INSERT INTO Daily_Menu_Mapping(daily_menu_mapping_id, item_id, daily_menu_id) VALUES (22, 24, 1);
INSERT INTO Daily_Menu_Mapping(daily_menu_mapping_id, item_id, daily_menu_id) VALUES (23, 25, 1);
INSERT INTO Daily_Menu_Mapping(daily_menu_mapping_id, item_id, daily_menu_id) VALUES (24, 26, 1);
INSERT INTO Daily_Menu_Mapping(daily_menu_mapping_id, item_id, daily_menu_id) VALUES (25, 27, 1);
INSERT INTO Daily_Menu_Mapping(daily_menu_mapping_id, item_id, daily_menu_id) VALUES (26, 32, 1);
INSERT INTO Daily_Menu_Mapping(daily_menu_mapping_id, item_id, daily_menu_id) VALUES (27, 38, 1);
INSERT INTO Daily_Menu_Mapping(daily_menu_mapping_id, item_id, daily_menu_id) VALUES (28, 46, 1);
INSERT INTO Daily_Menu_Mapping(daily_menu_mapping_id, item_id, daily_menu_id) VALUES (29, 53, 1);
INSERT INTO Daily_Menu_Mapping(daily_menu_mapping_id, item_id, daily_menu_id) VALUES (30, 62, 1);
INSERT INTO Daily_Menu_Mapping(daily_menu_mapping_id, item_id, daily_menu_id) VALUES (31, 63, 1);
INSERT INTO Daily_Menu_Mapping(daily_menu_mapping_id, item_id, daily_menu_id) VALUES (32, 64, 1);
INSERT INTO Daily_Menu_Mapping(daily_menu_mapping_id, item_id, daily_menu_id) VALUES (33, 65, 1);
INSERT INTO Daily_Menu_Mapping(daily_menu_mapping_id, item_id, daily_menu_id) VALUES (34, 66, 1);
INSERT INTO Daily_Menu_Mapping(daily_menu_mapping_id, item_id, daily_menu_id) VALUES (35, 67, 1);
INSERT INTO Daily_Menu_Mapping(daily_menu_mapping_id, item_id, daily_menu_id) VALUES (36, 68, 1);
INSERT INTO Daily_Menu_Mapping(daily_menu_mapping_id, item_id, daily_menu_id) VALUES (37, 69, 1);
INSERT INTO Daily_Menu_Mapping(daily_menu_mapping_id, item_id, daily_menu_id) VALUES (38, 70, 1);
INSERT INTO Daily_Menu_Mapping(daily_menu_mapping_id, item_id, daily_menu_id) VALUES (39, 71, 1);
INSERT INTO Daily_Menu_Mapping(daily_menu_mapping_id, item_id, daily_menu_id) VALUES (40, 72, 1);
INSERT INTO Daily_Menu_Mapping(daily_menu_mapping_id, item_id, daily_menu_id) VALUES (41, 73, 1);
INSERT INTO Daily_Menu_Mapping(daily_menu_mapping_id, item_id, daily_menu_id) VALUES (42, 74, 1);
INSERT INTO Daily_Menu_Mapping(daily_menu_mapping_id, item_id, daily_menu_id) VALUES (43, 75, 1);
INSERT INTO Daily_Menu_Mapping(daily_menu_mapping_id, item_id, daily_menu_id) VALUES (44, 76, 1);
INSERT INTO Daily_Menu_Mapping(daily_menu_mapping_id, item_id, daily_menu_id) VALUES (45, 77, 1);
INSERT INTO Daily_Menu_Mapping(daily_menu_mapping_id, item_id, daily_menu_id) VALUES (46, 78, 1);
INSERT INTO Daily_Menu_Mapping(daily_menu_mapping_id, item_id, daily_menu_id) VALUES (47, 79, 1);
INSERT INTO Daily_Menu_Mapping(daily_menu_mapping_id, item_id, daily_menu_id) VALUES (48, 80, 1);
INSERT INTO Daily_Menu_Mapping(daily_menu_mapping_id, item_id, daily_menu_id) VALUES (49, 81, 1);
INSERT INTO Daily_Menu_Mapping(daily_menu_mapping_id, item_id, daily_menu_id) VALUES (50, 82, 1);
INSERT INTO Daily_Menu_Mapping(daily_menu_mapping_id, item_id, daily_menu_id) VALUES (51, 83, 1);
INSERT INTO Daily_Menu_Mapping(daily_menu_mapping_id, item_id, daily_menu_id) VALUES (52, 84, 1);
INSERT INTO Daily_Menu_Mapping(daily_menu_mapping_id, item_id, daily_menu_id) VALUES (53, 85, 1);
INSERT INTO Daily_Menu_Mapping(daily_menu_mapping_id, item_id, daily_menu_id) VALUES (54, 86, 1);
INSERT INTO Daily_Menu_Mapping(daily_menu_mapping_id, item_id, daily_menu_id) VALUES (55, 87, 1);
INSERT INTO Daily_Menu_Mapping(daily_menu_mapping_id, item_id, daily_menu_id) VALUES (56, 88, 1);
INSERT INTO Daily_Menu_Mapping(daily_menu_mapping_id, item_id, daily_menu_id) VALUES (57, 89, 1);
INSERT INTO Daily_Menu_Mapping(daily_menu_mapping_id, item_id, daily_menu_id) VALUES (58, 90, 1);
INSERT INTO Daily_Menu_Mapping(daily_menu_mapping_id, item_id, daily_menu_id) VALUES (59, 91, 1);
INSERT INTO Daily_Menu_Mapping(daily_menu_mapping_id, item_id, daily_menu_id) VALUES (60, 92, 1);
INSERT INTO Daily_Menu_Mapping(daily_menu_mapping_id, item_id, daily_menu_id) VALUES (61, 93, 1);
INSERT INTO Daily_Menu_Mapping(daily_menu_mapping_id, item_id, daily_menu_id) VALUES (62, 94, 1);
INSERT INTO Daily_Menu_Mapping(daily_menu_mapping_id, item_id, daily_menu_id) VALUES (63, 95, 1);
INSERT INTO Daily_Menu_Mapping(daily_menu_mapping_id, item_id, daily_menu_id) VALUES (64, 96, 1);
INSERT INTO Daily_Menu_Mapping(daily_menu_mapping_id, item_id, daily_menu_id) VALUES (65, 97, 1);
INSERT INTO Daily_Menu_Mapping(daily_menu_mapping_id, item_id, daily_menu_id) VALUES (66, 98, 1);
INSERT INTO Daily_Menu_Mapping(daily_menu_mapping_id, item_id, daily_menu_id) VALUES (67, 99, 1);
INSERT INTO Daily_Menu_Mapping(daily_menu_mapping_id, item_id, daily_menu_id) VALUES (68, 100, 1);
INSERT INTO Daily_Menu_Mapping(daily_menu_mapping_id, item_id, daily_menu_id) VALUES (69, 101, 1);
INSERT INTO Daily_Menu_Mapping(daily_menu_mapping_id, item_id, daily_menu_id) VALUES (70, 102, 1);
INSERT INTO Daily_Menu_Mapping(daily_menu_mapping_id, item_id, daily_menu_id) VALUES (71, 103, 1);
INSERT INTO Daily_Menu_Mapping(daily_menu_mapping_id, item_id, daily_menu_id) VALUES (72, 104, 1);
INSERT INTO Daily_Menu_Mapping(daily_menu_mapping_id, item_id, daily_menu_id) VALUES (73, 105, 1);
INSERT INTO Daily_Menu_Mapping(daily_menu_mapping_id, item_id, daily_menu_id) VALUES (74, 107, 1);
INSERT INTO Daily_Menu_Mapping(daily_menu_mapping_id, item_id, daily_menu_id) VALUES (75, 110, 1);
INSERT INTO Daily_Menu_Mapping(daily_menu_mapping_id, item_id, daily_menu_id) VALUES (76, 111, 1);
INSERT INTO Daily_Menu_Mapping(daily_menu_mapping_id, item_id, daily_menu_id) VALUES (77, 112, 1);
INSERT INTO Daily_Menu_Mapping(daily_menu_mapping_id, item_id, daily_menu_id) VALUES (78, 113, 1);
INSERT INTO Daily_Menu_Mapping(daily_menu_mapping_id, item_id, daily_menu_id) VALUES (79, 114, 1);
INSERT INTO Daily_Menu_Mapping(daily_menu_mapping_id, item_id, daily_menu_id) VALUES (80, 115, 1);
INSERT INTO Daily_Menu_Mapping(daily_menu_mapping_id, item_id, daily_menu_id) VALUES (81, 116, 1);
INSERT INTO Daily_Menu_Mapping(daily_menu_mapping_id, item_id, daily_menu_id) VALUES (82, 117, 1);
INSERT INTO Daily_Menu_Mapping(daily_menu_mapping_id, item_id, daily_menu_id) VALUES (83, 118, 1);
INSERT INTO Daily_Menu_Mapping(daily_menu_mapping_id, item_id, daily_menu_id) VALUES (84, 119, 1);
INSERT INTO Daily_Menu_Mapping(daily_menu_mapping_id, item_id, daily_menu_id) VALUES (85, 132, 2);
INSERT INTO Daily_Menu_Mapping(daily_menu_mapping_id, item_id, daily_menu_id) VALUES (86, 133, 2);
INSERT INTO Daily_Menu_Mapping(daily_menu_mapping_id, item_id, daily_menu_id) VALUES (87, 134, 2);
INSERT INTO Daily_Menu_Mapping(daily_menu_mapping_id, item_id, daily_menu_id) VALUES (88, 135, 2);
INSERT INTO Daily_Menu_Mapping(daily_menu_mapping_id, item_id, daily_menu_id) VALUES (89, 136, 2);
INSERT INTO Daily_Menu_Mapping(daily_menu_mapping_id, item_id, daily_menu_id) VALUES (90, 137, 2);
INSERT INTO Daily_Menu_Mapping(daily_menu_mapping_id, item_id, daily_menu_id) VALUES (91, 138, 2);
INSERT INTO Daily_Menu_Mapping(daily_menu_mapping_id, item_id, daily_menu_id) VALUES (92, 139, 2);
INSERT INTO Daily_Menu_Mapping(daily_menu_mapping_id, item_id, daily_menu_id) VALUES (93, 140, 2);
INSERT INTO Daily_Menu_Mapping(daily_menu_mapping_id, item_id, daily_menu_id) VALUES (94, 141, 2);
INSERT INTO Daily_Menu_Mapping(daily_menu_mapping_id, item_id, daily_menu_id) VALUES (95, 142, 2);
INSERT INTO Daily_Menu_Mapping(daily_menu_mapping_id, item_id, daily_menu_id) VALUES (96, 146, 2);
INSERT INTO Daily_Menu_Mapping(daily_menu_mapping_id, item_id, daily_menu_id) VALUES (97, 147, 2);
INSERT INTO Daily_Menu_Mapping(daily_menu_mapping_id, item_id, daily_menu_id) VALUES (98, 148, 2);
INSERT INTO Daily_Menu_Mapping(daily_menu_mapping_id, item_id, daily_menu_id) VALUES (99, 149, 2);
INSERT INTO Daily_Menu_Mapping(daily_menu_mapping_id, item_id, daily_menu_id) VALUES (100, 150, 2);
INSERT INTO Daily_Menu_Mapping(daily_menu_mapping_id, item_id, daily_menu_id) VALUES (101, 151, 2);
INSERT INTO Daily_Menu_Mapping(daily_menu_mapping_id, item_id, daily_menu_id) VALUES (102, 152, 2);
INSERT INTO Daily_Menu_Mapping(daily_menu_mapping_id, item_id, daily_menu_id) VALUES (103, 153, 2);
INSERT INTO Daily_Menu_Mapping(daily_menu_mapping_id, item_id, daily_menu_id) VALUES (104, 154, 2);
INSERT INTO Daily_Menu_Mapping(daily_menu_mapping_id, item_id, daily_menu_id) VALUES (105, 155, 2);
INSERT INTO Daily_Menu_Mapping(daily_menu_mapping_id, item_id, daily_menu_id) VALUES (106, 156, 2);
INSERT INTO Daily_Menu_Mapping(daily_menu_mapping_id, item_id, daily_menu_id) VALUES (107, 157, 2);
INSERT INTO Daily_Menu_Mapping(daily_menu_mapping_id, item_id, daily_menu_id) VALUES (108, 159, 2);
INSERT INTO Daily_Menu_Mapping(daily_menu_mapping_id, item_id, daily_menu_id) VALUES (109, 160, 2);
INSERT INTO Daily_Menu_Mapping(daily_menu_mapping_id, item_id, daily_menu_id) VALUES (110, 161, 2);
INSERT INTO Daily_Menu_Mapping(daily_menu_mapping_id, item_id, daily_menu_id) VALUES (111, 162, 2);
INSERT INTO Daily_Menu_Mapping(daily_menu_mapping_id, item_id, daily_menu_id) VALUES (112, 163, 2);
INSERT INTO Daily_Menu_Mapping(daily_menu_mapping_id, item_id, daily_menu_id) VALUES (113, 164, 2);
INSERT INTO Daily_Menu_Mapping(daily_menu_mapping_id, item_id, daily_menu_id) VALUES (114, 165, 2);
INSERT INTO Daily_Menu_Mapping(daily_menu_mapping_id, item_id, daily_menu_id) VALUES (115, 166, 2);
INSERT INTO Daily_Menu_Mapping(daily_menu_mapping_id, item_id, daily_menu_id) VALUES (116, 167, 2);
INSERT INTO Daily_Menu_Mapping(daily_menu_mapping_id, item_id, daily_menu_id) VALUES (117, 168, 2);
INSERT INTO Daily_Menu_Mapping(daily_menu_mapping_id, item_id, daily_menu_id) VALUES (118, 169, 2);
INSERT INTO Daily_Menu_Mapping(daily_menu_mapping_id, item_id, daily_menu_id) VALUES (119, 170, 2);
INSERT INTO Daily_Menu_Mapping(daily_menu_mapping_id, item_id, daily_menu_id) VALUES (120, 171, 2);
INSERT INTO Daily_Menu_Mapping(daily_menu_mapping_id, item_id, daily_menu_id) VALUES (121, 172, 2);
INSERT INTO Daily_Menu_Mapping(daily_menu_mapping_id, item_id, daily_menu_id) VALUES (122, 173, 2);
INSERT INTO Daily_Menu_Mapping(daily_menu_mapping_id, item_id, daily_menu_id) VALUES (123, 174, 2);
INSERT INTO Daily_Menu_Mapping(daily_menu_mapping_id, item_id, daily_menu_id) VALUES (124, 175, 2);
INSERT INTO Daily_Menu_Mapping(daily_menu_mapping_id, item_id, daily_menu_id) VALUES (125, 176, 2);
INSERT INTO Daily_Menu_Mapping(daily_menu_mapping_id, item_id, daily_menu_id) VALUES (126, 177, 2);
INSERT INTO Daily_Menu_Mapping(daily_menu_mapping_id, item_id, daily_menu_id) VALUES (127, 180, 2);
INSERT INTO Daily_Menu_Mapping(daily_menu_mapping_id, item_id, daily_menu_id) VALUES (128, 181, 2);
INSERT INTO Daily_Menu_Mapping(daily_menu_mapping_id, item_id, daily_menu_id) VALUES (129, 182, 2);
INSERT INTO Daily_Menu_Mapping(daily_menu_mapping_id, item_id, daily_menu_id) VALUES (130, 183, 2);
INSERT INTO Daily_Menu_Mapping(daily_menu_mapping_id, item_id, daily_menu_id) VALUES (131, 184, 2);
INSERT INTO Daily_Menu_Mapping(daily_menu_mapping_id, item_id, daily_menu_id) VALUES (132, 185, 2);
INSERT INTO Daily_Menu_Mapping(daily_menu_mapping_id, item_id, daily_menu_id) VALUES (133, 186, 2);
INSERT INTO Daily_Menu_Mapping(daily_menu_mapping_id, item_id, daily_menu_id) VALUES (134, 187, 2);
INSERT INTO Daily_Menu_Mapping(daily_menu_mapping_id, item_id, daily_menu_id) VALUES (135, 188, 2);
INSERT INTO Daily_Menu_Mapping(daily_menu_mapping_id, item_id, daily_menu_id) VALUES (136, 192, 2);
INSERT INTO Daily_Menu_Mapping(daily_menu_mapping_id, item_id, daily_menu_id) VALUES (137, 194, 2);
INSERT INTO Daily_Menu_Mapping(daily_menu_mapping_id, item_id, daily_menu_id) VALUES (138, 195, 2);
INSERT INTO Daily_Menu_Mapping(daily_menu_mapping_id, item_id, daily_menu_id) VALUES (139, 196, 2);
INSERT INTO Daily_Menu_Mapping(daily_menu_mapping_id, item_id, daily_menu_id) VALUES (140, 197, 2);
INSERT INTO Daily_Menu_Mapping(daily_menu_mapping_id, item_id, daily_menu_id) VALUES (141, 198, 2);
INSERT INTO Daily_Menu_Mapping(daily_menu_mapping_id, item_id, daily_menu_id) VALUES (142, 231, 2);
INSERT INTO Daily_Menu_Mapping(daily_menu_mapping_id, item_id, daily_menu_id) VALUES (143, 232, 2);
INSERT INTO Daily_Menu_Mapping(daily_menu_mapping_id, item_id, daily_menu_id) VALUES (144, 235, 2);
INSERT INTO Daily_Menu_Mapping(daily_menu_mapping_id, item_id, daily_menu_id) VALUES (145, 236, 2);
INSERT INTO Daily_Menu_Mapping(daily_menu_mapping_id, item_id, daily_menu_id) VALUES (146, 237, 2);
INSERT INTO Daily_Menu_Mapping(daily_menu_mapping_id, item_id, daily_menu_id) VALUES (147, 239, 2);
INSERT INTO Daily_Menu_Mapping(daily_menu_mapping_id, item_id, daily_menu_id) VALUES (148, 240, 2);
INSERT INTO Daily_Menu_Mapping(daily_menu_mapping_id, item_id, daily_menu_id) VALUES (149, 241, 2);
INSERT INTO Daily_Menu_Mapping(daily_menu_mapping_id, item_id, daily_menu_id) VALUES (150, 242, 2);
INSERT INTO Daily_Menu_Mapping(daily_menu_mapping_id, item_id, daily_menu_id) VALUES (151, 243, 2);
INSERT INTO Daily_Menu_Mapping(daily_menu_mapping_id, item_id, daily_menu_id) VALUES (152, 244, 2);
INSERT INTO Daily_Menu_Mapping(daily_menu_mapping_id, item_id, daily_menu_id) VALUES (153, 245, 2);
INSERT INTO Daily_Menu_Mapping(daily_menu_mapping_id, item_id, daily_menu_id) VALUES (154, 246, 2);
INSERT INTO Daily_Menu_Mapping(daily_menu_mapping_id, item_id, daily_menu_id) VALUES (155, 247, 2);
INSERT INTO Daily_Menu_Mapping(daily_menu_mapping_id, item_id, daily_menu_id) VALUES (156, 251, 2);
INSERT INTO Daily_Menu_Mapping(daily_menu_mapping_id, item_id, daily_menu_id) VALUES (157, 252, 2);
INSERT INTO Daily_Menu_Mapping(daily_menu_mapping_id, item_id, daily_menu_id) VALUES (158, 253, 2);
INSERT INTO Daily_Menu_Mapping(daily_menu_mapping_id, item_id, daily_menu_id) VALUES (159, 254, 2);
INSERT INTO Daily_Menu_Mapping(daily_menu_mapping_id, item_id, daily_menu_id) VALUES (160, 255, 2);
INSERT INTO Daily_Menu_Mapping(daily_menu_mapping_id, item_id, daily_menu_id) VALUES (161, 256, 2);
INSERT INTO Daily_Menu_Mapping(daily_menu_mapping_id, item_id, daily_menu_id) VALUES (162, 257, 2);
INSERT INTO Daily_Menu_Mapping(daily_menu_mapping_id, item_id, daily_menu_id) VALUES (163, 258, 2);
INSERT INTO Daily_Menu_Mapping(daily_menu_mapping_id, item_id, daily_menu_id) VALUES (164, 259, 2);
INSERT INTO Daily_Menu_Mapping(daily_menu_mapping_id, item_id, daily_menu_id) VALUES (165, 260, 2);
INSERT INTO Daily_Menu_Mapping(daily_menu_mapping_id, item_id, daily_menu_id) VALUES (166, 261, 2); 
INSERT INTO Daily_Menu_Mapping(daily_menu_mapping_id, item_id, daily_menu_id) VALUES (167, 262, 2); 
INSERT INTO Daily_Menu_Mapping(daily_menu_mapping_id, item_id, daily_menu_id) VALUES (168, 263, 2); 
INSERT INTO Daily_Menu_Mapping(daily_menu_mapping_id, item_id, daily_menu_id) VALUES (169, 264, 2); 
INSERT INTO Daily_Menu_Mapping(daily_menu_mapping_id, item_id, daily_menu_id) VALUES (170, 265, 2); 
INSERT INTO Daily_Menu_Mapping(daily_menu_mapping_id, item_id, daily_menu_id) VALUES (171, 266, 2); 
INSERT INTO Daily_Menu_Mapping(daily_menu_mapping_id, item_id, daily_menu_id) VALUES (172, 267, 2); 
INSERT INTO Daily_Menu_Mapping(daily_menu_mapping_id, item_id, daily_menu_id) VALUES (173, 268, 2); 
INSERT INTO Daily_Menu_Mapping(daily_menu_mapping_id, item_id, daily_menu_id) VALUES (174, 269, 2); 
INSERT INTO Daily_Menu_Mapping(daily_menu_mapping_id, item_id, daily_menu_id) VALUES (175, 270, 2); 
INSERT INTO Daily_Menu_Mapping(daily_menu_mapping_id, item_id, daily_menu_id) VALUES (176, 271, 2); 
INSERT INTO Daily_Menu_Mapping(daily_menu_mapping_id, item_id, daily_menu_id) VALUES (177, 272, 2); 
INSERT INTO Daily_Menu_Mapping(daily_menu_mapping_id, item_id, daily_menu_id) VALUES (178, 273, 2); 
INSERT INTO Daily_Menu_Mapping(daily_menu_mapping_id, item_id, daily_menu_id) VALUES (179, 274, 2); 
INSERT INTO Daily_Menu_Mapping(daily_menu_mapping_id, item_id, daily_menu_id) VALUES (180, 275, 2); 
INSERT INTO Daily_Menu_Mapping(daily_menu_mapping_id, item_id, daily_menu_id) VALUES (181, 276, 2); 
INSERT INTO Daily_Menu_Mapping(daily_menu_mapping_id, item_id, daily_menu_id) VALUES (182, 277, 2); 
INSERT INTO Daily_Menu_Mapping(daily_menu_mapping_id, item_id, daily_menu_id) VALUES (183, 278, 2); 
INSERT INTO Daily_Menu_Mapping(daily_menu_mapping_id, item_id, daily_menu_id) VALUES (184, 279, 2); 
INSERT INTO Daily_Menu_Mapping(daily_menu_mapping_id, item_id, daily_menu_id) VALUES (185, 280, 2); 
INSERT INTO Daily_Menu_Mapping(daily_menu_mapping_id, item_id, daily_menu_id) VALUES (186, 281, 2); 
INSERT INTO Daily_Menu_Mapping(daily_menu_mapping_id, item_id, daily_menu_id) VALUES (187, 282, 2); 
INSERT INTO Daily_Menu_Mapping(daily_menu_mapping_id, item_id, daily_menu_id) VALUES (188, 283, 2);
INSERT INTO Daily_Menu_Mapping(daily_menu_mapping_id, item_id, daily_menu_id) VALUES (189, 284, 2);
INSERT INTO Daily_Menu_Mapping(daily_menu_mapping_id, item_id, daily_menu_id) VALUES (190, 285, 2);
INSERT INTO Daily_Menu_Mapping(daily_menu_mapping_id, item_id, daily_menu_id) VALUES (191, 286, 2);
INSERT INTO Daily_Menu_Mapping(daily_menu_mapping_id, item_id, daily_menu_id) VALUES (192, 287, 2);
INSERT INTO Daily_Menu_Mapping(daily_menu_mapping_id, item_id, daily_menu_id) VALUES (193, 291, 2);
INSERT INTO Daily_Menu_Mapping(daily_menu_mapping_id, item_id, daily_menu_id) VALUES (194, 292, 2);
INSERT INTO Daily_Menu_Mapping(daily_menu_mapping_id, item_id, daily_menu_id) VALUES (195, 293, 2);
INSERT INTO Daily_Menu_Mapping(daily_menu_mapping_id, item_id, daily_menu_id) VALUES (196, 294, 2);
INSERT INTO Daily_Menu_Mapping(daily_menu_mapping_id, item_id, daily_menu_id) VALUES (197, 295, 2);
INSERT INTO Daily_Menu_Mapping(daily_menu_mapping_id, item_id, daily_menu_id) VALUES (198, 296, 2);
INSERT INTO Daily_Menu_Mapping(daily_menu_mapping_id, item_id, daily_menu_id) VALUES (199, 297, 2);
INSERT INTO Daily_Menu_Mapping(daily_menu_mapping_id, item_id, daily_menu_id) VALUES (200, 298, 2);
INSERT INTO Daily_Menu_Mapping(daily_menu_mapping_id, item_id, daily_menu_id) VALUES (201, 299, 2);
INSERT INTO Daily_Menu_Mapping(daily_menu_mapping_id, item_id, daily_menu_id) VALUES (202, 300, 2);
INSERT INTO Daily_Menu_Mapping(daily_menu_mapping_id, item_id, daily_menu_id) VALUES (203, 301, 2);
INSERT INTO Daily_Menu_Mapping(daily_menu_mapping_id, item_id, daily_menu_id) VALUES (204, 302, 2);
INSERT INTO Daily_Menu_Mapping(daily_menu_mapping_id, item_id, daily_menu_id) VALUES (205, 303, 2);
INSERT INTO Daily_Menu_Mapping(daily_menu_mapping_id, item_id, daily_menu_id) VALUES (206, 304, 2);
INSERT INTO Daily_Menu_Mapping(daily_menu_mapping_id, item_id, daily_menu_id) VALUES (207, 305, 2);
INSERT INTO Daily_Menu_Mapping(daily_menu_mapping_id, item_id, daily_menu_id) VALUES (208, 306, 2);
INSERT INTO Daily_Menu_Mapping(daily_menu_mapping_id, item_id, daily_menu_id) VALUES (209, 307, 2);
INSERT INTO Daily_Menu_Mapping(daily_menu_mapping_id, item_id, daily_menu_id) VALUES (210, 308, 2);
INSERT INTO Daily_Menu_Mapping(daily_menu_mapping_id, item_id, daily_menu_id) VALUES (211, 309, 2);
INSERT INTO Daily_Menu_Mapping(daily_menu_mapping_id, item_id, daily_menu_id) VALUES (212, 310, 2);
INSERT INTO Daily_Menu_Mapping(daily_menu_mapping_id, item_id, daily_menu_id) VALUES (213, 311, 2);
INSERT INTO Daily_Menu_Mapping(daily_menu_mapping_id, item_id, daily_menu_id) VALUES (214, 312, 2);
INSERT INTO Daily_Menu_Mapping(daily_menu_mapping_id, item_id, daily_menu_id) VALUES (215, 313, 2);
INSERT INTO Daily_Menu_Mapping(daily_menu_mapping_id, item_id, daily_menu_id) VALUES (216, 314, 2);
INSERT INTO Daily_Menu_Mapping(daily_menu_mapping_id, item_id, daily_menu_id) VALUES (217, 315, 2);
INSERT INTO Daily_Menu_Mapping(daily_menu_mapping_id, item_id, daily_menu_id) VALUES (218, 316, 2);
INSERT INTO Daily_Menu_Mapping(daily_menu_mapping_id, item_id, daily_menu_id) VALUES (219, 317, 2);
INSERT INTO Daily_Menu_Mapping(daily_menu_mapping_id, item_id, daily_menu_id) VALUES (220, 318, 2);
INSERT INTO Daily_Menu_Mapping(daily_menu_mapping_id, item_id, daily_menu_id) VALUES (221, 319, 2);
INSERT INTO Daily_Menu_Mapping(daily_menu_mapping_id, item_id, daily_menu_id) VALUES (222, 331, 2);
INSERT INTO Daily_Menu_Mapping(daily_menu_mapping_id, item_id, daily_menu_id) VALUES (223, 332, 2);
INSERT INTO Daily_Menu_Mapping(daily_menu_mapping_id, item_id, daily_menu_id) VALUES (224, 333, 2);
INSERT INTO Daily_Menu_Mapping(daily_menu_mapping_id, item_id, daily_menu_id) VALUES (225, 334, 2);
INSERT INTO Daily_Menu_Mapping(daily_menu_mapping_id, item_id, daily_menu_id) VALUES (226, 335, 2);
INSERT INTO Daily_Menu_Mapping(daily_menu_mapping_id, item_id, daily_menu_id) VALUES (227, 336, 2);
INSERT INTO Daily_Menu_Mapping(daily_menu_mapping_id, item_id, daily_menu_id) VALUES (228, 337, 2);
INSERT INTO Daily_Menu_Mapping(daily_menu_mapping_id, item_id, daily_menu_id) VALUES (229, 338, 2);
INSERT INTO Daily_Menu_Mapping(daily_menu_mapping_id, item_id, daily_menu_id) VALUES (230, 341, 2);
INSERT INTO Daily_Menu_Mapping(daily_menu_mapping_id, item_id, daily_menu_id) VALUES (231, 342, 2);
INSERT INTO Daily_Menu_Mapping(daily_menu_mapping_id, item_id, daily_menu_id) VALUES (232, 343, 2);
INSERT INTO Daily_Menu_Mapping(daily_menu_mapping_id, item_id, daily_menu_id) VALUES (233, 344, 2);
INSERT INTO Daily_Menu_Mapping(daily_menu_mapping_id, item_id, daily_menu_id) VALUES (234, 345, 2);
INSERT INTO Daily_Menu_Mapping(daily_menu_mapping_id, item_id, daily_menu_id) VALUES (235, 346, 2);
INSERT INTO Daily_Menu_Mapping(daily_menu_mapping_id, item_id, daily_menu_id) VALUES (236, 347, 2);
INSERT INTO Daily_Menu_Mapping(daily_menu_mapping_id, item_id, daily_menu_id) VALUES (237, 348, 2);
INSERT INTO Daily_Menu_Mapping(daily_menu_mapping_id, item_id, daily_menu_id) VALUES (238, 349, 2);
INSERT INTO Daily_Menu_Mapping(daily_menu_mapping_id, item_id, daily_menu_id) VALUES (239, 350, 2);
INSERT INTO Daily_Menu_Mapping(daily_menu_mapping_id, item_id, daily_menu_id) VALUES (240, 351, 2);
INSERT INTO Daily_Menu_Mapping(daily_menu_mapping_id, item_id, daily_menu_id) VALUES (241, 352, 2);
INSERT INTO Daily_Menu_Mapping(daily_menu_mapping_id, item_id, daily_menu_id) VALUES (242, 353, 2);
INSERT INTO Daily_Menu_Mapping(daily_menu_mapping_id, item_id, daily_menu_id) VALUES (243, 354, 2);
INSERT INTO Daily_Menu_Mapping(daily_menu_mapping_id, item_id, daily_menu_id) VALUES (244, 355, 2);
INSERT INTO Daily_Menu_Mapping(daily_menu_mapping_id, item_id, daily_menu_id) VALUES (245, 356, 2);
INSERT INTO Daily_Menu_Mapping(daily_menu_mapping_id, item_id, daily_menu_id) VALUES (246, 381, 2);
INSERT INTO Daily_Menu_Mapping(daily_menu_mapping_id, item_id, daily_menu_id) VALUES (247, 382, 2);
INSERT INTO Daily_Menu_Mapping(daily_menu_mapping_id, item_id, daily_menu_id) VALUES (248, 383, 2);
INSERT INTO Daily_Menu_Mapping(daily_menu_mapping_id, item_id, daily_menu_id) VALUES (249, 384, 2);
INSERT INTO Daily_Menu_Mapping(daily_menu_mapping_id, item_id, daily_menu_id) VALUES (250, 385, 2);
INSERT INTO Daily_Menu_Mapping(daily_menu_mapping_id, item_id, daily_menu_id) VALUES (251, 386, 2);
INSERT INTO Daily_Menu_Mapping(daily_menu_mapping_id, item_id, daily_menu_id) VALUES (252, 387, 2);
INSERT INTO Daily_Menu_Mapping(daily_menu_mapping_id, item_id, daily_menu_id) VALUES (253, 388, 2);
INSERT INTO Daily_Menu_Mapping(daily_menu_mapping_id, item_id, daily_menu_id) VALUES (254, 389, 2);
INSERT INTO Daily_Menu_Mapping(daily_menu_mapping_id, item_id, daily_menu_id) VALUES (255, 390, 2);
INSERT INTO Daily_Menu_Mapping(daily_menu_mapping_id, item_id, daily_menu_id) VALUES (256, 391, 2);
INSERT INTO Daily_Menu_Mapping(daily_menu_mapping_id, item_id, daily_menu_id) VALUES (257, 392, 2);
INSERT INTO Daily_Menu_Mapping(daily_menu_mapping_id, item_id, daily_menu_id) VALUES (258, 393, 2);
INSERT INTO Daily_Menu_Mapping(daily_menu_mapping_id, item_id, daily_menu_id) VALUES (259, 394, 2);
INSERT INTO Daily_Menu_Mapping(daily_menu_mapping_id, item_id, daily_menu_id) VALUES (260, 395, 2);
INSERT INTO Daily_Menu_Mapping(daily_menu_mapping_id, item_id, daily_menu_id) VALUES (261, 396, 2);
INSERT INTO Daily_Menu_Mapping(daily_menu_mapping_id, item_id, daily_menu_id) VALUES (262, 397, 2);
INSERT INTO Daily_Menu_Mapping(daily_menu_mapping_id, item_id, daily_menu_id) VALUES (263, 398, 2);
INSERT INTO Daily_Menu_Mapping(daily_menu_mapping_id, item_id, daily_menu_id) VALUES (264, 399, 2);
INSERT INTO Daily_Menu_Mapping(daily_menu_mapping_id, item_id, daily_menu_id) VALUES (265, 405, 2);
INSERT INTO Daily_Menu_Mapping(daily_menu_mapping_id, item_id, daily_menu_id) VALUES (266, 406, 2);
INSERT INTO Daily_Menu_Mapping(daily_menu_mapping_id, item_id, daily_menu_id) VALUES (267, 407, 2);
INSERT INTO Daily_Menu_Mapping(daily_menu_mapping_id, item_id, daily_menu_id) VALUES (268, 409, 2);
INSERT INTO Daily_Menu_Mapping(daily_menu_mapping_id, item_id, daily_menu_id) VALUES (269, 410, 2);
INSERT INTO Daily_Menu_Mapping(daily_menu_mapping_id, item_id, daily_menu_id) VALUES (270, 415, 2);
INSERT INTO Daily_Menu_Mapping(daily_menu_mapping_id, item_id, daily_menu_id) VALUES (271, 416, 2);
INSERT INTO Daily_Menu_Mapping(daily_menu_mapping_id, item_id, daily_menu_id) VALUES (272, 417, 2);
INSERT INTO Daily_Menu_Mapping(daily_menu_mapping_id, item_id, daily_menu_id) VALUES (273, 418, 2);
INSERT INTO Daily_Menu_Mapping(daily_menu_mapping_id, item_id, daily_menu_id) VALUES (274, 419, 2);
INSERT INTO Daily_Menu_Mapping(daily_menu_mapping_id, item_id, daily_menu_id) VALUES (275, 420, 2);
INSERT INTO Daily_Menu_Mapping(daily_menu_mapping_id, item_id, daily_menu_id) VALUES (276, 421, 2);
INSERT INTO Daily_Menu_Mapping(daily_menu_mapping_id, item_id, daily_menu_id) VALUES (277, 430, 2);
INSERT INTO Daily_Menu_Mapping(daily_menu_mapping_id, item_id, daily_menu_id) VALUES (278, 431, 2);
INSERT INTO Daily_Menu_Mapping(daily_menu_mapping_id, item_id, daily_menu_id) VALUES (279, 432, 2);
INSERT INTO Daily_Menu_Mapping(daily_menu_mapping_id, item_id, daily_menu_id) VALUES (280, 433, 2);
INSERT INTO Daily_Menu_Mapping(daily_menu_mapping_id, item_id, daily_menu_id) VALUES (281, 458, 2);
INSERT INTO Daily_Menu_Mapping(daily_menu_mapping_id, item_id, daily_menu_id) VALUES (283, 460, 2);
INSERT INTO Daily_Menu_Mapping(daily_menu_mapping_id, item_id, daily_menu_id) VALUES (284, 461, 2);
INSERT INTO Daily_Menu_Mapping(daily_menu_mapping_id, item_id, daily_menu_id) VALUES (285, 462, 2);
INSERT INTO Daily_Menu_Mapping(daily_menu_mapping_id, item_id, daily_menu_id) VALUES (286, 463, 2);
INSERT INTO Daily_Menu_Mapping(daily_menu_mapping_id, item_id, daily_menu_id) VALUES (287, 467, 2);
INSERT INTO Daily_Menu_Mapping(daily_menu_mapping_id, item_id, daily_menu_id) VALUES (288, 468, 2);
INSERT INTO Daily_Menu_Mapping(daily_menu_mapping_id, item_id, daily_menu_id) VALUES (289, 469, 2);
INSERT INTO Daily_Menu_Mapping(daily_menu_mapping_id, item_id, daily_menu_id) VALUES (290, 481, 2);
INSERT INTO Daily_Menu_Mapping(daily_menu_mapping_id, item_id, daily_menu_id) VALUES (291, 482, 2);
INSERT INTO Daily_Menu_Mapping(daily_menu_mapping_id, item_id, daily_menu_id) VALUES (292, 483, 2);
INSERT INTO Daily_Menu_Mapping(daily_menu_mapping_id, item_id, daily_menu_id) VALUES (293, 484, 2);
INSERT INTO Daily_Menu_Mapping(daily_menu_mapping_id, item_id, daily_menu_id) VALUES (294, 485, 2);
INSERT INTO Daily_Menu_Mapping(daily_menu_mapping_id, item_id, daily_menu_id) VALUES (295, 486, 2);
INSERT INTO Daily_Menu_Mapping(daily_menu_mapping_id, item_id, daily_menu_id) VALUES (296, 487, 2);
INSERT INTO Daily_Menu_Mapping(daily_menu_mapping_id, item_id, daily_menu_id) VALUES (297, 488, 2);
INSERT INTO Daily_Menu_Mapping(daily_menu_mapping_id, item_id, daily_menu_id) VALUES (298, 489, 2);
INSERT INTO Daily_Menu_Mapping(daily_menu_mapping_id, item_id, daily_menu_id) VALUES (299, 490, 2);
INSERT INTO Daily_Menu_Mapping(daily_menu_mapping_id, item_id, daily_menu_id) VALUES (300, 491, 2);
INSERT INTO Daily_Menu_Mapping(daily_menu_mapping_id, item_id, daily_menu_id) VALUES (301, 492, 2);
INSERT INTO Daily_Menu_Mapping(daily_menu_mapping_id, item_id, daily_menu_id) VALUES (302, 493, 2);
INSERT INTO Daily_Menu_Mapping(daily_menu_mapping_id, item_id, daily_menu_id) VALUES (303, 494, 2);
INSERT INTO Daily_Menu_Mapping(daily_menu_mapping_id, item_id, daily_menu_id) VALUES (304, 495, 2);
INSERT INTO Daily_Menu_Mapping(daily_menu_mapping_id, item_id, daily_menu_id) VALUES (305, 504, 2);
INSERT INTO Daily_Menu_Mapping(daily_menu_mapping_id, item_id, daily_menu_id) VALUES (306, 505, 2);
INSERT INTO Daily_Menu_Mapping(daily_menu_mapping_id, item_id, daily_menu_id) VALUES (307, 506, 2);
INSERT INTO Daily_Menu_Mapping(daily_menu_mapping_id, item_id, daily_menu_id) VALUES (308, 510, 2);
INSERT INTO Daily_Menu_Mapping(daily_menu_mapping_id, item_id, daily_menu_id) VALUES (309, 511, 2);
INSERT INTO Daily_Menu_Mapping(daily_menu_mapping_id, item_id, daily_menu_id) VALUES (310, 512, 2);
INSERT INTO Daily_Menu_Mapping(daily_menu_mapping_id, item_id, daily_menu_id) VALUES (311, 513, 2);
INSERT INTO Daily_Menu_Mapping(daily_menu_mapping_id, item_id, daily_menu_id) VALUES (312, 514, 2);
INSERT INTO Daily_Menu_Mapping(daily_menu_mapping_id, item_id, daily_menu_id) VALUES (313, 515, 2);
INSERT INTO Daily_Menu_Mapping(daily_menu_mapping_id, item_id, daily_menu_id) VALUES (314, 516, 2);
INSERT INTO Daily_Menu_Mapping(daily_menu_mapping_id, item_id, daily_menu_id) VALUES (315, 517, 2);
INSERT INTO Daily_Menu_Mapping(daily_menu_mapping_id, item_id, daily_menu_id) VALUES (316, 530, 2);
INSERT INTO Daily_Menu_Mapping(daily_menu_mapping_id, item_id, daily_menu_id) VALUES (317, 531, 2);
INSERT INTO Daily_Menu_Mapping(daily_menu_mapping_id, item_id, daily_menu_id) VALUES (318, 540, 2);
INSERT INTO Daily_Menu_Mapping(daily_menu_mapping_id, item_id, daily_menu_id) VALUES (319, 541, 2);
INSERT INTO Daily_Menu_Mapping(daily_menu_mapping_id, item_id, daily_menu_id) VALUES (320, 542, 2);
INSERT INTO Daily_Menu_Mapping(daily_menu_mapping_id, item_id, daily_menu_id) VALUES (321, 543, 2);
INSERT INTO Daily_Menu_Mapping(daily_menu_mapping_id, item_id, daily_menu_id) VALUES (322, 544, 2);
INSERT INTO Daily_Menu_Mapping(daily_menu_mapping_id, item_id, daily_menu_id) VALUES (323, 545, 2);
INSERT INTO Daily_Menu_Mapping(daily_menu_mapping_id, item_id, daily_menu_id) VALUES (324, 546, 2);
INSERT INTO Daily_Menu_Mapping(daily_menu_mapping_id, item_id, daily_menu_id) VALUES (325, 547, 2);
INSERT INTO Daily_Menu_Mapping(daily_menu_mapping_id, item_id, daily_menu_id) VALUES (326, 548, 2);
INSERT INTO Daily_Menu_Mapping(daily_menu_mapping_id, item_id, daily_menu_id) VALUES (327, 549, 2);
INSERT INTO Daily_Menu_Mapping(daily_menu_mapping_id, item_id, daily_menu_id) VALUES (328, 550, 2);
INSERT INTO Daily_Menu_Mapping(daily_menu_mapping_id, item_id, daily_menu_id) VALUES (329, 559, 2);
INSERT INTO Daily_Menu_Mapping(daily_menu_mapping_id, item_id, daily_menu_id) VALUES (330, 573, 2);
INSERT INTO Daily_Menu_Mapping(daily_menu_mapping_id, item_id, daily_menu_id) VALUES (331, 574, 2);
INSERT INTO Daily_Menu_Mapping(daily_menu_mapping_id, item_id, daily_menu_id) VALUES (332, 575, 2);
INSERT INTO Daily_Menu_Mapping(daily_menu_mapping_id, item_id, daily_menu_id) VALUES (333, 576, 2);
INSERT INTO Daily_Menu_Mapping(daily_menu_mapping_id, item_id, daily_menu_id) VALUES (334, 577, 2);
INSERT INTO Daily_Menu_Mapping(daily_menu_mapping_id, item_id, daily_menu_id) VALUES (335, 630, 2);
INSERT INTO Daily_Menu_Mapping(daily_menu_mapping_id, item_id, daily_menu_id) VALUES (336, 637, 2);
INSERT INTO Daily_Menu_Mapping(daily_menu_mapping_id, item_id, daily_menu_id) VALUES (337, 679, 2);
INSERT INTO Daily_Menu_Mapping(daily_menu_mapping_id, item_id, daily_menu_id) VALUES (338, 680, 2);
INSERT INTO Daily_Menu_Mapping(daily_menu_mapping_id, item_id, daily_menu_id) VALUES (339, 681, 2);


---------------------------------
--INSERT SCRIPTS FOR USER TABLE--
---------------------------------
INSERT INTO User(user_id, login_id, password, email_id, account_creation_date) VALUES (1, 'kanchan', 'e10adc3949ba59abbe56e057f20f883e', 'kanchan.thombare@mastek.com', SYSDATE);
INSERT INTO User(user_id, login_id, password, email_id, account_creation_date) VALUES (2, 'tarul', 'e10adc3949ba59abbe56e057f20f883e', 'tarul.yadav@mastek.com', SYSDATE);
INSERT INTO User(user_id, login_id, password, email_id, account_creation_date) VALUES (3, 'kiran', 'e10adc3949ba59abbe56e057f20f883e', 'kiran@mastek.com', SYSDATE);


-----------------------------------
--INSERT SCRIPTS FOR USER_DETAILS--
-----------------------------------
INSERT INTO User_Details(user_details_id, first_name, last_name, gender, date_of_birth, contact_no, extension_no, employee_id, user_id) VALUES (1, 'Kanchan', 'Thombare', 'M', '1985-08-22', 9619123456, 5678, 11050, 1);
INSERT INTO User_Details(user_details_id, first_name, last_name, gender, date_of_birth, contact_no, extension_no, employee_id, user_id) VALUES (2, 'Tarul', 'Yadav', 'F', '1985-08-22', 9619123456, 5678, 11050, 2);
INSERT INTO User_Details(user_details_id, first_name, last_name, gender, date_of_birth, contact_no, extension_no, employee_id, user_id) VALUES (3, 'Kiran', '', 'M', '1985-08-22', 9619123456, 5678, 11050, 3);


---------------------------------
--INSERT SCRIPTS FOR ROLE TABLE--
---------------------------------
INSERT INTO Role(role_id, role_name) VALUES (1, 'SuperAdmin');
INSERT INTO Role(role_id, role_name) VALUES (2, 'Admin');
INSERT INTO Role(role_id, role_name) VALUES (3, 'User');


----------------------------------------------
--INSERT SCRIPTS FOR USER_ROLE_MAPPING TABLE--
----------------------------------------------
INSERT INTO User_Role_Mapping(role_id,user_id) VALUES (1,1); 
INSERT INTO User_Role_Mapping(role_id,user_id) VALUES (2,2);
INSERT INTO User_Role_Mapping(role_id,user_id) VALUES (2,3);


------------------------------------------
--Insert Script for USER_CATERER_MAPPING--
------------------------------------------
INSERT INTO USER_CATERER_MAPPING (USER_CATERER_MAPPING_ID, USER_ID, CATERER_ID) VALUES (1, 2, 1);
INSERT INTO USER_CATERER_MAPPING (USER_CATERER_MAPPING_ID, USER_ID, CATERER_ID) VALUES (2, 3, 2);