----------------------------------------
--INSERT SCRIPTS FOR MENU_MASTER TABLE--
----------------------------------------
------------ Page 1 ---------------
------------ Beverages ------------
INSERT INTO Menu_Master(item_id, item_name, description, price, prep_time) VALUES (1, 'Tea/Filter Coffee', '100ml', 6.50, null);
INSERT INTO Menu_Master(item_id, item_name, description, price, prep_time) VALUES (2, 'Nescoffee(Classic)', '100ml', 7.00, null);
INSERT INTO Menu_Master(item_id, item_name, description, price, prep_time) VALUES (3, 'Lemon Juice / Kokam Juice', '200ml', 6.00, null);
INSERT INTO Menu_Master(item_id, item_name, description, price, prep_time) VALUES (4, 'Butter Milk', '200ml', 9.00, null);
INSERT INTO Menu_Master(item_id, item_name, description, price, prep_time) VALUES (5, 'Sweet Lassi', '200ml', 16.00, null);
INSERT INTO Menu_Master(item_id, item_name, description, price, prep_time) VALUES (6, 'WaterMelon Juice', '200ml', 20.00, null);
INSERT INTO Menu_Master(item_id, item_name, description, price, prep_time) VALUES (7, 'Sweet Lime Juice', '200ml', 20.00, null);
INSERT INTO Menu_Master(item_id, item_name, description, price, prep_time) VALUES (8, 'Pineapple Juice', '200ml', 20.00, null);
INSERT INTO Menu_Master(item_id, item_name, description, price, prep_time) VALUES (9, 'Chikku Milkshake', '200ml', 20.00, null);
INSERT INTO Menu_Master(item_id, item_name, description, price, prep_time) VALUES (10, 'Banana Milkshake', '200ml', 20.00, null);
INSERT INTO Menu_Master(item_id, item_name, description, price, prep_time) VALUES (11, 'Butter Scotch Milkshake', '200ml', 20.00, null);
INSERT INTO Menu_Master(item_id, item_name, description, price, prep_time) VALUES (12, 'Strawberry Milkshake', '200ml', 20.00, null);
INSERT INTO Menu_Master(item_id, item_name, description, price, prep_time) VALUES (13, 'Seasonal Fresh Fruit Milkshake', '200ml', 25.00, null);
INSERT INTO Menu_Master(item_id, item_name, description, price, prep_time) VALUES (14, 'Cold Coffee', '200ml', 20.00, null);


------------ Page 1 -----------
------------ From the Pantry ------------
INSERT INTO Menu_Master(item_id, item_name, description, price, prep_time) VALUES (15, 'Bread Butter', '2 slice', 12.00, null);
INSERT INTO Menu_Master(item_id, item_name, description, price, prep_time) VALUES (16, 'Toast Butter', '2 slice', 12.00, null);
INSERT INTO Menu_Master(item_id, item_name, description, price, prep_time) VALUES (17, 'Bun Maska', null, 15.00, null);
INSERT INTO Menu_Master(item_id, item_name, description, price, prep_time) VALUES (18, 'Veg Sandwich', '2 slice', 14.00, null);
INSERT INTO Menu_Master(item_id, item_name, description, price, prep_time) VALUES (19, 'Veg Sandwich Grill', '2 slice', 20.00, null);
INSERT INTO Menu_Master(item_id, item_name, description, price, prep_time) VALUES (20, 'Cheese Sandwich', '2 slice', 15.00, null);
INSERT INTO Menu_Master(item_id, item_name, description, price, prep_time) VALUES (21, 'Cheese Sandwich Grill', '2 slice', 23.00, null);
INSERT INTO Menu_Master(item_id, item_name, description, price, prep_time) VALUES (22, 'Veg Cheese Sandwich', '2 slice', 20.00, null);
INSERT INTO Menu_Master(item_id, item_name, description, price, prep_time) VALUES (23, 'Veg Cheese Sandwich Grill', '2 slice', 28.00, null);
INSERT INTO Menu_Master(item_id, item_name, description, price, prep_time) VALUES (24, 'Omlet Sandwich', '2 slice', 13.00, null);
INSERT INTO Menu_Master(item_id, item_name, description, price, prep_time) VALUES (25, 'Omlet Cheese Sandwich', '2 slice', 20.00, null);
INSERT INTO Menu_Master(item_id, item_name, description, price, prep_time) VALUES (26, 'Double Omlet Grill Sandwich', '2 slice', 25.00, null);
INSERT INTO Menu_Master(item_id, item_name, description, price, prep_time) VALUES (27, 'Omlet Cheese Grill Sandwich', '2 slice', 32.00, null);
INSERT INTO Menu_Master(item_id, item_name, description, price, prep_time) VALUES (28, 'Spinach Sandwich', '2 slice', 15.00, null);
INSERT INTO Menu_Master(item_id, item_name, description, price, prep_time) VALUES (29, 'Coleslaw Sandwich', '2 slice', 15.00, null);
INSERT INTO Menu_Master(item_id, item_name, description, price, prep_time) VALUES (30, 'Veg Burger', null, 16.00, null);
INSERT INTO Menu_Master(item_id, item_name, description, price, prep_time) VALUES (31, 'Veg Roll', null, 16.00, null);
INSERT INTO Menu_Master(item_id, item_name, description, price, prep_time) VALUES (32, 'Maggi Noodles(with vegetables)', '1 plate', 20.00, null);
INSERT INTO Menu_Master(item_id, item_name, description, price, prep_time) VALUES (33, 'Cornflakes with Milk', '1 portion', 20.00, null);


------------ Page 3 -----------
------------ Soups ------------
INSERT INTO Menu_Master(item_id, item_name, description, price, prep_time) VALUES (34, 'Tomato Soup', '200ml', 16.00, null);
INSERT INTO Menu_Master(item_id, item_name, description, price, prep_time) VALUES (35, 'Veg Clear Soup', '200ml', 16.00, null);
INSERT INTO Menu_Master(item_id, item_name, description, price, prep_time) VALUES (36, 'Spinach Soup', '200ml', 16.00, null);
INSERT INTO Menu_Master(item_id, item_name, description, price, prep_time) VALUES (37, 'Lentil Soup', '200ml', 16.00, null);
INSERT INTO Menu_Master(item_id, item_name, description, price, prep_time) VALUES (38, 'Veg Manchow Soup', '200ml', 16.00, null);
INSERT INTO Menu_Master(item_id, item_name, description, price, prep_time) VALUES (39, 'Veg Hot and Sour Soup', '200ml', 16.00, null);
INSERT INTO Menu_Master(item_id, item_name, description, price, prep_time) VALUES (40, 'Sweet Corn Veg Soup', '200ml', 16.00, null);
INSERT INTO Menu_Master(item_id, item_name, description, price, prep_time) VALUES (41, 'American Corn Soup', '200ml', 16.00, null);
INSERT INTO Menu_Master(item_id, item_name, description, price, prep_time) VALUES (42, 'Cream of Veg Soup', '200ml', 16.00, null);
INSERT INTO Menu_Master(item_id, item_name, description, price, prep_time) VALUES (43, 'Lemon and Coriander Soup', '200ml', 16.00, null);
INSERT INTO Menu_Master(item_id, item_name, description, price, prep_time) VALUES (44, 'French Onion Soup', '200ml', 16.00, null);
INSERT INTO Menu_Master(item_id, item_name, description, price, prep_time) VALUES (45, 'Cream of Mushroom Soup', '200ml', 16.00, null);

------------ Page 3 -----------
------------ Salads ------------
INSERT INTO Menu_Master(item_id, item_name, description, price, prep_time) VALUES (46, 'Green Salad', '100gm', 16.00, null);
INSERT INTO Menu_Master(item_id, item_name, description, price, prep_time) VALUES (47, 'Macroni Salad', '100gm', 16.00, null);
INSERT INTO Menu_Master(item_id, item_name, description, price, prep_time) VALUES (48, 'Tossed Salad', '100gm', 16.00, null);
INSERT INTO Menu_Master(item_id, item_name, description, price, prep_time) VALUES (49, 'Sprouts Salad', '100gm', 16.00, null);
INSERT INTO Menu_Master(item_id, item_name, description, price, prep_time) VALUES (50, 'Ameriacn Corn Salad', '100gm', 16.00, null);
INSERT INTO Menu_Master(item_id, item_name, description, price, prep_time) VALUES (51, 'Mini Fruit Plate', '100gm', 16.00, null);
INSERT INTO Menu_Master(item_id, item_name, description, price, prep_time) VALUES (52, 'Fruit and Sprouts Plate', '100gm', 17.00, null);

------------ Page 3 -----------
------------ Desserts ------------
INSERT INTO Menu_Master(item_id, item_name, description, price, prep_time) VALUES (53, 'Gulab Jamun', '1 plate', 14.00, null);
INSERT INTO Menu_Master(item_id, item_name, description, price, prep_time) VALUES (54, 'Paysam/Sabudana Kheer', '1 plate', 14.00, null);
INSERT INTO Menu_Master(item_id, item_name, description, price, prep_time) VALUES (55, 'Semiya Kheer/ Rice Kheer', '1 plate', 14.00, null);
INSERT INTO Menu_Master(item_id, item_name, description, price, prep_time) VALUES (56, 'Sheera', '1 plate', 14.00, null);
INSERT INTO Menu_Master(item_id, item_name, description, price, prep_time) VALUES (57, 'Doodhi Halwa', '1 plate', 14.00, null);
INSERT INTO Menu_Master(item_id, item_name, description, price, prep_time) VALUES (58, 'Gajar Halwa', '1 plate', 14.00, null);
INSERT INTO Menu_Master(item_id, item_name, description, price, prep_time) VALUES (59, 'Fruit salad', '1 plate', 14.00, null);
INSERT INTO Menu_Master(item_id, item_name, description, price, prep_time) VALUES (60, 'Bread Custard', '1 plate', 14.00, null);
INSERT INTO Menu_Master(item_id, item_name, description, price, prep_time) VALUES (61, 'Custard with Jelly', '1 plate', 14.00, null);

------------ Page 4 ------------
------------ Snacks ------------
INSERT INTO Menu_Master(item_id, item_name, description, price, prep_time) VALUES (62, 'Potato Vada (2 pcs)', '120gm', 14.00, null);
INSERT INTO Menu_Master(item_id, item_name, description, price, prep_time) VALUES (63, 'Upma', '100gm', 14.00, null);
INSERT INTO Menu_Master(item_id, item_name, description, price, prep_time) VALUES (64, 'Poha', '100gm', 14.00, null);
INSERT INTO Menu_Master(item_id, item_name, description, price, prep_time) VALUES (65, 'Punjabi Samosa (2 pcs)', '150gm', 16.00, null);
INSERT INTO Menu_Master(item_id, item_name, description, price, prep_time) VALUES (66, 'Pattice (2 pcs)', '150gm', 16.00, null);
INSERT INTO Menu_Master(item_id, item_name, description, price, prep_time) VALUES (67, 'Veg Kachori (2 pcs)', '150gm', 16.00, null);
INSERT INTO Menu_Master(item_id, item_name, description, price, prep_time) VALUES (68, 'Sabudana Vada (2 pcs)', '120gm', 16.00, null);
INSERT INTO Menu_Master(item_id, item_name, description, price, prep_time) VALUES (69, 'Bhajia', '100gm', 16.00, null);
INSERT INTO Menu_Master(item_id, item_name, description, price, prep_time) VALUES (70, 'Medu Vada', '120gm', 18.00, null);
INSERT INTO Menu_Master(item_id, item_name, description, price, prep_time) VALUES (71, 'Steam Idli', '150gm', 14.00, null);
INSERT INTO Menu_Master(item_id, item_name, description, price, prep_time) VALUES (72, 'Misal', '150gm', 16.00, null);
INSERT INTO Menu_Master(item_id, item_name, description, price, prep_time) VALUES (73, 'Vada Pav (2)', '150gm', 16.00, null);
INSERT INTO Menu_Master(item_id, item_name, description, price, prep_time) VALUES (74, 'Veg Cutlet', '130gm', 16.00, null);
INSERT INTO Menu_Master(item_id, item_name, description, price, prep_time) VALUES (75, 'Veg Burger', '120gm', 16.00, null);
INSERT INTO Menu_Master(item_id, item_name, description, price, prep_time) VALUES (76, 'Veg Roll', '120gm', 16.00, null);
INSERT INTO Menu_Master(item_id, item_name, description, price, prep_time) VALUES (77, 'Bread Pakoda', '120gm', 16.00, null);
INSERT INTO Menu_Master(item_id, item_name, description, price, prep_time) VALUES (78, 'Dahi Vada', '150gm', 19.00, null);
INSERT INTO Menu_Master(item_id, item_name, description, price, prep_time) VALUES (79, 'Macroni', '120gm', 16.00, null);
INSERT INTO Menu_Master(item_id, item_name, description, price, prep_time) VALUES (80, 'Hakka Noodles', '120gm', 19.00, null);
INSERT INTO Menu_Master(item_id, item_name, description, price, prep_time) VALUES (81, 'Ragda Pattice', '120gm', 16.00, null);
INSERT INTO Menu_Master(item_id, item_name, description, price, prep_time) VALUES (82, 'Bhel Puri', '100gm', 16.00, null);
INSERT INTO Menu_Master(item_id, item_name, description, price, prep_time) VALUES (83, 'Sev Puri', '100gm', 16.00, null);
INSERT INTO Menu_Master(item_id, item_name, description, price, prep_time) VALUES (84, 'Dahi Batata Puri', '120gm', 18.00, null);
INSERT INTO Menu_Master(item_id, item_name, description, price, prep_time) VALUES (85, 'Samosa Chat', '120gm', 12.00, null);
INSERT INTO Menu_Master(item_id, item_name, description, price, prep_time) VALUES (86, 'Sada Dosa', '120gm', 16.00, null);
INSERT INTO Menu_Master(item_id, item_name, description, price, prep_time) VALUES (87, 'Uttappa', '120gm', 16.00, null);
INSERT INTO Menu_Master(item_id, item_name, description, price, prep_time) VALUES (88, 'Onion Uttappa/Tomato Uttapa', '150gm', 18.00, null);
INSERT INTO Menu_Master(item_id, item_name, description, price, prep_time) VALUES (89, 'Masala Uttappa', '150gm', 18.00, null);
INSERT INTO Menu_Master(item_id, item_name, description, price, prep_time) VALUES (90, 'Cheese Uttappa', '140gm', 20.00, null);

------------ Page 5 ------------
------------ Snacks ------------
INSERT INTO Menu_Master(item_id, item_name, description, price, prep_time) VALUES (91, 'Masala Dosa', '180gm', 18.00, null);
INSERT INTO Menu_Master(item_id, item_name, description, price, prep_time) VALUES (92, 'Tomato Omlette', '180gm', 18.00, null);
INSERT INTO Menu_Master(item_id, item_name, description, price, prep_time) VALUES (93, 'Mysore Sada Dosa', '130gm', 18.00, null);
INSERT INTO Menu_Master(item_id, item_name, description, price, prep_time) VALUES (94, 'Mysore Masala Dosa', '190gm', 18.00, null);
INSERT INTO Menu_Master(item_id, item_name, description, price, prep_time) VALUES (95, 'Chinese Sada Dosa', '130gm', 18.00, null);
INSERT INTO Menu_Master(item_id, item_name, description, price, prep_time) VALUES (96, 'Chinese Masala Dosa', '150gm', 18.00, null);
INSERT INTO Menu_Master(item_id, item_name, description, price, prep_time) VALUES (97, 'Corn And Capsicum Masala Dosa', '150gm', 20.00, null);
INSERT INTO Menu_Master(item_id, item_name, description, price, prep_time) VALUES (98, 'Paneer Chilly Masala Dosa', '150gm', 20.00, null);
INSERT INTO Menu_Master(item_id, item_name, description, price, prep_time) VALUES (99, 'Egg Burgee Dosa', '150gm', 20.00, null);

------------ Page 5 ------------
------------ Egg Varieties ------------
INSERT INTO Menu_Master(item_id, item_name, description, price, prep_time) VALUES (100, 'Boiled Egg', null, 7.00, null);
INSERT INTO Menu_Master(item_id, item_name, description, price, prep_time) VALUES (101, 'Single Omlet', null, 10.00, null);
INSERT INTO Menu_Master(item_id, item_name, description, price, prep_time) VALUES (102, 'Double Omlet', null, 19.00, null);
INSERT INTO Menu_Master(item_id, item_name, description, price, prep_time) VALUES (103, 'Single Burgee', null, 12.00, null);
INSERT INTO Menu_Master(item_id, item_name, description, price, prep_time) VALUES (104, 'Double Burgee', null, 21.00, null);

------------ Page 2 ------------
------------ A'La Carte Items ------------
INSERT INTO Menu_Master(item_id, item_name, description, price, prep_time) VALUES (105, 'Bhaji', '120gm', 14.00, null);
INSERT INTO Menu_Master(item_id, item_name, description, price, prep_time) VALUES (106, 'Special Bhaji(Lunch Bhaji)', '120gm', 19.00, null);
INSERT INTO Menu_Master(item_id, item_name, description, price, prep_time) VALUES (107, 'Dal Rice Papad', '225gm', 23.00, null);
INSERT INTO Menu_Master(item_id, item_name, description, price, prep_time) VALUES (108, 'Rasam Rice Papad', '225gm', 25.00, null);
INSERT INTO Menu_Master(item_id, item_name, description, price, prep_time) VALUES (109, 'Sambar Rice Papad', '225gm', 25.00, null);
INSERT INTO Menu_Master(item_id, item_name, description, price, prep_time) VALUES (110, 'Curd Rice Papad', '225gm', 25.00, null);
INSERT INTO Menu_Master(item_id, item_name, description, price, prep_time) VALUES (111, 'Chapati', '30gm', 2.50, null);
INSERT INTO Menu_Master(item_id, item_name, description, price, prep_time) VALUES (112, 'Roasted Papad', '1 pc', 2.50, null);

------------ Page 3 ------------
------------ A'La Carte Items ------------
INSERT INTO Menu_Master(item_id, item_name, description, price, prep_time) VALUES (113, 'Curd', '80gm', 8.00, null);
INSERT INTO Menu_Master(item_id, item_name, description, price, prep_time) VALUES (114, 'Raita', null, 8.00, null);
INSERT INTO Menu_Master(item_id, item_name, description, price, prep_time) VALUES (115, 'Dal', '100gm', 10.00, null);

------------ Page 2 ------------
------------ Lunch ------------
INSERT INTO Menu_Master(item_id, item_name, description, price, prep_time) VALUES (116, 'Veg Thali', '2 Subzi(Wet and Dry) - 100gm, 1 Dal/Pulse - 80gm, Curd/Raita - 50gm, 3 Chapati 30gm each, Rice - 80gm, Sweet, Pickle, Papad - 1 no', 39.00, null);
INSERT INTO Menu_Master(item_id, item_name, description, price, prep_time) VALUES (117, 'Mini Thali', '1 Subzi(Wet and Dry Any One Choice)', 33.00, null);
INSERT INTO Menu_Master(item_id, item_name, description, price, prep_time) VALUES (118, 'Veg Combo Meal', 'Rice/Egg Fried Rice/Egg Briyani - 225gm, 1 Portion Curry Dish/Curd/Raita - 100gm', 35.00, null);
INSERT INTO Menu_Master(item_id, item_name, description, price, prep_time) VALUES (119, 'Health Menu', 'Soup - 200ml, One Snacks, Salad/Fruits/Sprouts(any one) - 100gm', 35.00, null);
INSERT INTO Menu_Master(item_id, item_name, description, price, prep_time) VALUES (120, 'Non Veg Combo Meal', 'Rice/Egg Fried Rice/Egg Briyani - 225gm, 1 Portion Curry Dish/Curd/Raita - 100gm', 50.00, null);

------------ Page 4 ------------
------------ Others ------------
INSERT INTO Menu_Master(item_id, item_name, description, price, prep_time) values (121, 'Mineral Water', 'MRP', 00.00, null);
INSERT INTO Menu_Master(item_id, item_name, description, price, prep_time) VALUES (122, 'Cold Drinks', 'MRP', 00.00, null);
INSERT INTO Menu_Master(item_id, item_name, description, price, prep_time) VALUES (123, 'Frooti', 'MRP', 00.00, null);
INSERT INTO Menu_Master(item_id, item_name, description, price, prep_time) VALUES (124, 'Tetrapack Juices', 'MRP', 00.00, null);
INSERT INTO Menu_Master(item_id, item_name, description, price, prep_time) VALUES (125, 'Tetrapack Shakes', 'MRP', 00.00, null);
INSERT INTO Menu_Master(item_id, item_name, description, price, prep_time) VALUES (126, 'Lays Wafers', 'MRP', 00.00, null);
INSERT INTO Menu_Master(item_id, item_name, description, price, prep_time) VALUES (127, 'Biscuits', 'MRP', 00.00, null);
INSERT INTO Menu_Master(item_id, item_name, description, price, prep_time) VALUES (128, 'Chocolates', 'MRP', 00.00, null);
INSERT INTO Menu_Master(item_id, item_name, description, price, prep_time) VALUES (129, 'Banana Chips', 'MRP', 00.00, null);
INSERT INTO Menu_Master(item_id, item_name, description, price, prep_time) VALUES (130, 'Potato Wafer', 'MRP', 00.00, null);


---------------------------------
--INSERT SCRIPTS FOR TAGS TABLE--
---------------------------------
INSERT INTO Tags(tag_id, tag_name) VALUES(1, 'Veg');
INSERT INTO Tags(tag_id, tag_name) VALUES(2, 'Non Veg');
INSERT INTO Tags(tag_id, tag_name) VALUES(3, 'Soups');
INSERT INTO Tags(tag_id, tag_name) VALUES(4, 'From the Pantry');
INSERT INTO Tags(tag_id, tag_name) VALUES(5, 'Beverages');
INSERT INTO Tags(tag_id, tag_name) VALUES(6, 'Salads');
INSERT INTO Tags(tag_id, tag_name) VALUES(7, 'Dessert');
INSERT INTO Tags(tag_id, tag_name) VALUES(8, 'Snacks');
INSERT INTO Tags(tag_id, tag_name) VALUES(9, 'Egg Varieties');
INSERT INTO Tags(tag_id, tag_name) VALUES(10, 'ALa Carte Items');
INSERT INTO Tags(tag_id, tag_name) VALUES(11, 'Lunch');
INSERT INTO Tags(tag_id, tag_name) VALUES(12, 'Others');


----------------------------------------------
--INSERT SCRIPTS FOR MENU_TAGS_MAPPING TABLE--
----------------------------------------------
INSERT INTO Menu_Tags_Mapping(menu_tags_mapping_id, item_id, tag_ids) VALUES(1, 1, '1,5');
INSERT INTO Menu_Tags_Mapping(menu_tags_mapping_id, item_id, tag_ids) VALUES(2, 2, '1,5');
INSERT INTO Menu_Tags_Mapping(menu_tags_mapping_id, item_id, tag_ids) VALUES(3, 3, '1,5');
INSERT INTO Menu_Tags_Mapping(menu_tags_mapping_id, item_id, tag_ids) VALUES(4, 4, '1,5');
INSERT INTO Menu_Tags_Mapping(menu_tags_mapping_id, item_id, tag_ids) VALUES(5, 5, '1,5');
INSERT INTO Menu_Tags_Mapping(menu_tags_mapping_id, item_id, tag_ids) VALUES(6, 6, '1,5');
INSERT INTO Menu_Tags_Mapping(menu_tags_mapping_id, item_id, tag_ids) VALUES(7, 7, '1,5');
INSERT INTO Menu_Tags_Mapping(menu_tags_mapping_id, item_id, tag_ids) VALUES(8, 8, '1,5');
INSERT INTO Menu_Tags_Mapping(menu_tags_mapping_id, item_id, tag_ids) VALUES(9, 9, '1,5');
INSERT INTO Menu_Tags_Mapping(menu_tags_mapping_id, item_id, tag_ids) VALUES(10, 10, '1,5');
INSERT INTO Menu_Tags_Mapping(menu_tags_mapping_id, item_id, tag_ids) VALUES(11, 11, '1,5');
INSERT INTO Menu_Tags_Mapping(menu_tags_mapping_id, item_id, tag_ids) VALUES(12, 12, '1,5');
INSERT INTO Menu_Tags_Mapping(menu_tags_mapping_id, item_id, tag_ids) VALUES(13, 13, '1,5');
INSERT INTO Menu_Tags_Mapping(menu_tags_mapping_id, item_id, tag_ids) VALUES(14, 14, '1,5');
INSERT INTO Menu_Tags_Mapping(menu_tags_mapping_id, item_id, tag_ids) VALUES(15, 15, '1,4');
INSERT INTO Menu_Tags_Mapping(menu_tags_mapping_id, item_id, tag_ids) VALUES(16, 16, '1,4');
INSERT INTO Menu_Tags_Mapping(menu_tags_mapping_id, item_id, tag_ids) VALUES(17, 17, '1,4');
INSERT INTO Menu_Tags_Mapping(menu_tags_mapping_id, item_id, tag_ids) VALUES(18, 18, '1,4');
INSERT INTO Menu_Tags_Mapping(menu_tags_mapping_id, item_id, tag_ids) VALUES(19, 19, '1,4');
INSERT INTO Menu_Tags_Mapping(menu_tags_mapping_id, item_id, tag_ids) VALUES(20, 20, '1,4');
INSERT INTO Menu_Tags_Mapping(menu_tags_mapping_id, item_id, tag_ids) VALUES(21, 21, '1,4');
INSERT INTO Menu_Tags_Mapping(menu_tags_mapping_id, item_id, tag_ids) VALUES(22, 22, '1,4');
INSERT INTO Menu_Tags_Mapping(menu_tags_mapping_id, item_id, tag_ids) VALUES(23, 23, '1,4');
INSERT INTO Menu_Tags_Mapping(menu_tags_mapping_id, item_id, tag_ids) VALUES(24, 24, '2,4');
INSERT INTO Menu_Tags_Mapping(menu_tags_mapping_id, item_id, tag_ids) VALUES(25, 25, '2,4');
INSERT INTO Menu_Tags_Mapping(menu_tags_mapping_id, item_id, tag_ids) VALUES(26, 26, '2,4');
INSERT INTO Menu_Tags_Mapping(menu_tags_mapping_id, item_id, tag_ids) VALUES(27, 27, '2,4');
INSERT INTO Menu_Tags_Mapping(menu_tags_mapping_id, item_id, tag_ids) VALUES(28, 28, '1,4');
INSERT INTO Menu_Tags_Mapping(menu_tags_mapping_id, item_id, tag_ids) VALUES(29, 29, '1,4');
INSERT INTO Menu_Tags_Mapping(menu_tags_mapping_id, item_id, tag_ids) VALUES(30, 30, '1,4');
INSERT INTO Menu_Tags_Mapping(menu_tags_mapping_id, item_id, tag_ids) VALUES(31, 31, '1,4');
INSERT INTO Menu_Tags_Mapping(menu_tags_mapping_id, item_id, tag_ids) VALUES(32, 32, '1,4');
INSERT INTO Menu_Tags_Mapping(menu_tags_mapping_id, item_id, tag_ids) VALUES(33, 33, '1,4');
INSERT INTO Menu_Tags_Mapping(menu_tags_mapping_id, item_id, tag_ids) VALUES(34, 34, '1,3');
INSERT INTO Menu_Tags_Mapping(menu_tags_mapping_id, item_id, tag_ids) VALUES(35, 35, '1,3');
INSERT INTO Menu_Tags_Mapping(menu_tags_mapping_id, item_id, tag_ids) VALUES(36, 36, '1,3');
INSERT INTO Menu_Tags_Mapping(menu_tags_mapping_id, item_id, tag_ids) VALUES(37, 37, '1,3');
INSERT INTO Menu_Tags_Mapping(menu_tags_mapping_id, item_id, tag_ids) VALUES(38, 38, '1,3');
INSERT INTO Menu_Tags_Mapping(menu_tags_mapping_id, item_id, tag_ids) VALUES(39, 39, '1,3');
INSERT INTO Menu_Tags_Mapping(menu_tags_mapping_id, item_id, tag_ids) VALUES(40, 40, '1,3');
INSERT INTO Menu_Tags_Mapping(menu_tags_mapping_id, item_id, tag_ids) VALUES(41, 41, '1,3');
INSERT INTO Menu_Tags_Mapping(menu_tags_mapping_id, item_id, tag_ids) VALUES(42, 42, '1,3');
INSERT INTO Menu_Tags_Mapping(menu_tags_mapping_id, item_id, tag_ids) VALUES(43, 43, '1,3');
INSERT INTO Menu_Tags_Mapping(menu_tags_mapping_id, item_id, tag_ids) VALUES(44, 44, '1,3');
INSERT INTO Menu_Tags_Mapping(menu_tags_mapping_id, item_id, tag_ids) VALUES(45, 45, '1,3');
INSERT INTO Menu_Tags_Mapping(menu_tags_mapping_id, item_id, tag_ids) VALUES(46, 46, '1,6');
INSERT INTO Menu_Tags_Mapping(menu_tags_mapping_id, item_id, tag_ids) VALUES(47, 47, '1,6');
INSERT INTO Menu_Tags_Mapping(menu_tags_mapping_id, item_id, tag_ids) VALUES(48, 48, '1,6');
INSERT INTO Menu_Tags_Mapping(menu_tags_mapping_id, item_id, tag_ids) VALUES(49, 49, '1,6');
INSERT INTO Menu_Tags_Mapping(menu_tags_mapping_id, item_id, tag_ids) VALUES(50, 50, '1,6');
INSERT INTO Menu_Tags_Mapping(menu_tags_mapping_id, item_id, tag_ids) VALUES(51, 51, '1,6');
INSERT INTO Menu_Tags_Mapping(menu_tags_mapping_id, item_id, tag_ids) VALUES(52, 52, '1,6');
INSERT INTO Menu_Tags_Mapping(menu_tags_mapping_id, item_id, tag_ids) VALUES(53, 53, '1,7');
INSERT INTO Menu_Tags_Mapping(menu_tags_mapping_id, item_id, tag_ids) VALUES(54, 54, '1,7');
INSERT INTO Menu_Tags_Mapping(menu_tags_mapping_id, item_id, tag_ids) VALUES(55, 55, '1,7');
INSERT INTO Menu_Tags_Mapping(menu_tags_mapping_id, item_id, tag_ids) VALUES(56, 56, '1,7');
INSERT INTO Menu_Tags_Mapping(menu_tags_mapping_id, item_id, tag_ids) VALUES(57, 57, '1,7');
INSERT INTO Menu_Tags_Mapping(menu_tags_mapping_id, item_id, tag_ids) VALUES(58, 58, '1,7');
INSERT INTO Menu_Tags_Mapping(menu_tags_mapping_id, item_id, tag_ids) VALUES(59, 59, '1,7');
INSERT INTO Menu_Tags_Mapping(menu_tags_mapping_id, item_id, tag_ids) VALUES(60, 60, '1,7');
INSERT INTO Menu_Tags_Mapping(menu_tags_mapping_id, item_id, tag_ids) VALUES(61, 61, '1,7');
INSERT INTO Menu_Tags_Mapping(menu_tags_mapping_id, item_id, tag_ids) VALUES(62, 62, '1,8');
INSERT INTO Menu_Tags_Mapping(menu_tags_mapping_id, item_id, tag_ids) VALUES(63, 63, '1,8');
INSERT INTO Menu_Tags_Mapping(menu_tags_mapping_id, item_id, tag_ids) VALUES(64, 64, '1,8');
INSERT INTO Menu_Tags_Mapping(menu_tags_mapping_id, item_id, tag_ids) VALUES(65, 65, '1,8');
INSERT INTO Menu_Tags_Mapping(menu_tags_mapping_id, item_id, tag_ids) VALUES(66, 66, '1,8');
INSERT INTO Menu_Tags_Mapping(menu_tags_mapping_id, item_id, tag_ids) VALUES(67, 67, '1,8');
INSERT INTO Menu_Tags_Mapping(menu_tags_mapping_id, item_id, tag_ids) VALUES(68, 68, '1,8');
INSERT INTO Menu_Tags_Mapping(menu_tags_mapping_id, item_id, tag_ids) VALUES(69, 69, '1,8');
INSERT INTO Menu_Tags_Mapping(menu_tags_mapping_id, item_id, tag_ids) VALUES(70, 10, '1,8');
INSERT INTO Menu_Tags_Mapping(menu_tags_mapping_id, item_id, tag_ids) VALUES(71, 71, '1,8');
INSERT INTO Menu_Tags_Mapping(menu_tags_mapping_id, item_id, tag_ids) VALUES(72, 72, '1,8');
INSERT INTO Menu_Tags_Mapping(menu_tags_mapping_id, item_id, tag_ids) VALUES(73, 73, '1,8');
INSERT INTO Menu_Tags_Mapping(menu_tags_mapping_id, item_id, tag_ids) VALUES(74, 74, '1,8');
INSERT INTO Menu_Tags_Mapping(menu_tags_mapping_id, item_id, tag_ids) VALUES(75, 75, '1,8');
INSERT INTO Menu_Tags_Mapping(menu_tags_mapping_id, item_id, tag_ids) VALUES(76, 76, '1,8');
INSERT INTO Menu_Tags_Mapping(menu_tags_mapping_id, item_id, tag_ids) VALUES(77, 77, '1,8');
INSERT INTO Menu_Tags_Mapping(menu_tags_mapping_id, item_id, tag_ids) VALUES(78, 78, '1,8');
INSERT INTO Menu_Tags_Mapping(menu_tags_mapping_id, item_id, tag_ids) VALUES(79, 79, '1,8');
INSERT INTO Menu_Tags_Mapping(menu_tags_mapping_id, item_id, tag_ids) VALUES(80, 80, '1,8');
INSERT INTO Menu_Tags_Mapping(menu_tags_mapping_id, item_id, tag_ids) VALUES(81, 81, '1,8');
INSERT INTO Menu_Tags_Mapping(menu_tags_mapping_id, item_id, tag_ids) VALUES(82, 82, '1,8');
INSERT INTO Menu_Tags_Mapping(menu_tags_mapping_id, item_id, tag_ids) VALUES(83, 83, '1,8');
INSERT INTO Menu_Tags_Mapping(menu_tags_mapping_id, item_id, tag_ids) VALUES(84, 84, '1,8');
INSERT INTO Menu_Tags_Mapping(menu_tags_mapping_id, item_id, tag_ids) VALUES(85, 85, '1,8');
INSERT INTO Menu_Tags_Mapping(menu_tags_mapping_id, item_id, tag_ids) VALUES(86, 86, '1,8');
INSERT INTO Menu_Tags_Mapping(menu_tags_mapping_id, item_id, tag_ids) VALUES(87, 87, '1,8');
INSERT INTO Menu_Tags_Mapping(menu_tags_mapping_id, item_id, tag_ids) VALUES(88, 88, '1,8');
INSERT INTO Menu_Tags_Mapping(menu_tags_mapping_id, item_id, tag_ids) VALUES(89, 89, '1,8');
INSERT INTO Menu_Tags_Mapping(menu_tags_mapping_id, item_id, tag_ids) VALUES(90, 90, '1,8');
INSERT INTO Menu_Tags_Mapping(menu_tags_mapping_id, item_id, tag_ids) VALUES(91, 91, '1,8');
INSERT INTO Menu_Tags_Mapping(menu_tags_mapping_id, item_id, tag_ids) VALUES(92, 92, '1,8');
INSERT INTO Menu_Tags_Mapping(menu_tags_mapping_id, item_id, tag_ids) VALUES(93, 93, '1,8');
INSERT INTO Menu_Tags_Mapping(menu_tags_mapping_id, item_id, tag_ids) VALUES(94, 94, '1,8');
INSERT INTO Menu_Tags_Mapping(menu_tags_mapping_id, item_id, tag_ids) VALUES(95, 95, '1,8');
INSERT INTO Menu_Tags_Mapping(menu_tags_mapping_id, item_id, tag_ids) VALUES(96, 96, '1,8');
INSERT INTO Menu_Tags_Mapping(menu_tags_mapping_id, item_id, tag_ids) VALUES(97, 97, '1,8');
INSERT INTO Menu_Tags_Mapping(menu_tags_mapping_id, item_id, tag_ids) VALUES(98, 98, '1,8');
INSERT INTO Menu_Tags_Mapping(menu_tags_mapping_id, item_id, tag_ids) VALUES(99, 99, '2,8');
INSERT INTO Menu_Tags_Mapping(menu_tags_mapping_id, item_id, tag_ids) VALUES(100, 100, '2,9');
INSERT INTO Menu_Tags_Mapping(menu_tags_mapping_id, item_id, tag_ids) VALUES(101, 101, '2,9');
INSERT INTO Menu_Tags_Mapping(menu_tags_mapping_id, item_id, tag_ids) VALUES(102, 102, '2,9');
INSERT INTO Menu_Tags_Mapping(menu_tags_mapping_id, item_id, tag_ids) VALUES(103, 103, '2,9');
INSERT INTO Menu_Tags_Mapping(menu_tags_mapping_id, item_id, tag_ids) VALUES(104, 104, '2,9');
INSERT INTO Menu_Tags_Mapping(menu_tags_mapping_id, item_id, tag_ids) VALUES(105, 105, '1,10');
INSERT INTO Menu_Tags_Mapping(menu_tags_mapping_id, item_id, tag_ids) VALUES(106, 106, '1,10');
INSERT INTO Menu_Tags_Mapping(menu_tags_mapping_id, item_id, tag_ids) VALUES(107, 107, '1,10');
INSERT INTO Menu_Tags_Mapping(menu_tags_mapping_id, item_id, tag_ids) VALUES(108, 108, '1,10');
INSERT INTO Menu_Tags_Mapping(menu_tags_mapping_id, item_id, tag_ids) VALUES(109, 109, '1,10');
INSERT INTO Menu_Tags_Mapping(menu_tags_mapping_id, item_id, tag_ids) VALUES(110, 110, '1,10');
INSERT INTO Menu_Tags_Mapping(menu_tags_mapping_id, item_id, tag_ids) VALUES(111, 111, '1,10');
INSERT INTO Menu_Tags_Mapping(menu_tags_mapping_id, item_id, tag_ids) VALUES(112, 112, '1,10');
INSERT INTO Menu_Tags_Mapping(menu_tags_mapping_id, item_id, tag_ids) VALUES(113, 113, '1,10');
INSERT INTO Menu_Tags_Mapping(menu_tags_mapping_id, item_id, tag_ids) VALUES(114, 114, '1,10');
INSERT INTO Menu_Tags_Mapping(menu_tags_mapping_id, item_id, tag_ids) VALUES(115, 115, '1,10');
INSERT INTO Menu_Tags_Mapping(menu_tags_mapping_id, item_id, tag_ids) VALUES(116, 116, '1,11');
INSERT INTO Menu_Tags_Mapping(menu_tags_mapping_id, item_id, tag_ids) VALUES(117, 117, '1,11');
INSERT INTO Menu_Tags_Mapping(menu_tags_mapping_id, item_id, tag_ids) VALUES(118, 118, '1,11');
INSERT INTO Menu_Tags_Mapping(menu_tags_mapping_id, item_id, tag_ids) VALUES(119, 119, '1,11');
INSERT INTO Menu_Tags_Mapping(menu_tags_mapping_id, item_id, tag_ids) VALUES(120, 120, '2,11');
INSERT INTO Menu_Tags_Mapping(menu_tags_mapping_id, item_id, tag_ids) VALUES(121, 121, '1,12');
INSERT INTO Menu_Tags_Mapping(menu_tags_mapping_id, item_id, tag_ids) VALUES(122, 122, '1,12');
INSERT INTO Menu_Tags_Mapping(menu_tags_mapping_id, item_id, tag_ids) VALUES(123, 123, '1,12');
INSERT INTO Menu_Tags_Mapping(menu_tags_mapping_id, item_id, tag_ids) VALUES(124, 124, '1,12');
INSERT INTO Menu_Tags_Mapping(menu_tags_mapping_id, item_id, tag_ids) VALUES(125, 125, '1,12');
INSERT INTO Menu_Tags_Mapping(menu_tags_mapping_id, item_id, tag_ids) VALUES(126, 126, '1,12');
INSERT INTO Menu_Tags_Mapping(menu_tags_mapping_id, item_id, tag_ids) VALUES(127, 127, '1,12');
INSERT INTO Menu_Tags_Mapping(menu_tags_mapping_id, item_id, tag_ids) VALUES(128, 128, '1,12');
INSERT INTO Menu_Tags_Mapping(menu_tags_mapping_id, item_id, tag_ids) VALUES(129, 129, '1,12');
INSERT INTO Menu_Tags_Mapping(menu_tags_mapping_id, item_id, tag_ids) VALUES(130, 130, '1,12');


------------------------------------
--INSERT SCRIPTS FOR CATERER TABLE--
------------------------------------
INSERT INTO Caterer(caterer_id, caterer_name, caterer_details) VALUES(1, 'Nitya Caterers', null);


-------------------------------------------------
--INSERT SCRIPTS FOR CATERER_MENU_MAPPING TABLE--
-------------------------------------------------
INSERT INTO Caterer_Menu_Mapping(caterer_menu_mapping_id, item_id, caterer_id) VALUES(1, 1, 1);
INSERT INTO Caterer_Menu_Mapping(caterer_menu_mapping_id, item_id, caterer_id) VALUES(2, 2, 1);
INSERT INTO Caterer_Menu_Mapping(caterer_menu_mapping_id, item_id, caterer_id) VALUES(3, 3, 1);
INSERT INTO Caterer_Menu_Mapping(caterer_menu_mapping_id, item_id, caterer_id) VALUES(4, 4, 1);
INSERT INTO Caterer_Menu_Mapping(caterer_menu_mapping_id, item_id, caterer_id) VALUES(5, 5, 1);
INSERT INTO Caterer_Menu_Mapping(caterer_menu_mapping_id, item_id, caterer_id) VALUES(6, 6, 1);
INSERT INTO Caterer_Menu_Mapping(caterer_menu_mapping_id, item_id, caterer_id) VALUES(7, 7, 1);
INSERT INTO Caterer_Menu_Mapping(caterer_menu_mapping_id, item_id, caterer_id) VALUES(8, 8, 1);
INSERT INTO Caterer_Menu_Mapping(caterer_menu_mapping_id, item_id, caterer_id) VALUES(9, 9, 1);
INSERT INTO Caterer_Menu_Mapping(caterer_menu_mapping_id, item_id, caterer_id) VALUES(10, 10, 1);
INSERT INTO Caterer_Menu_Mapping(caterer_menu_mapping_id, item_id, caterer_id) VALUES(11, 11, 1);
INSERT INTO Caterer_Menu_Mapping(caterer_menu_mapping_id, item_id, caterer_id) VALUES(12, 12, 1);
INSERT INTO Caterer_Menu_Mapping(caterer_menu_mapping_id, item_id, caterer_id) VALUES(13, 13, 1);
INSERT INTO Caterer_Menu_Mapping(caterer_menu_mapping_id, item_id, caterer_id) VALUES(14, 14, 1);
INSERT INTO Caterer_Menu_Mapping(caterer_menu_mapping_id, item_id, caterer_id) VALUES(15, 15, 1);
INSERT INTO Caterer_Menu_Mapping(caterer_menu_mapping_id, item_id, caterer_id) VALUES(16, 16, 1);
INSERT INTO Caterer_Menu_Mapping(caterer_menu_mapping_id, item_id, caterer_id) VALUES(17, 17, 1);
INSERT INTO Caterer_Menu_Mapping(caterer_menu_mapping_id, item_id, caterer_id) VALUES(18, 18, 1);
INSERT INTO Caterer_Menu_Mapping(caterer_menu_mapping_id, item_id, caterer_id) VALUES(19, 19, 1);
INSERT INTO Caterer_Menu_Mapping(caterer_menu_mapping_id, item_id, caterer_id) VALUES(20, 20, 1);
INSERT INTO Caterer_Menu_Mapping(caterer_menu_mapping_id, item_id, caterer_id) VALUES(21, 21, 1);
INSERT INTO Caterer_Menu_Mapping(caterer_menu_mapping_id, item_id, caterer_id) VALUES(22, 22, 1);
INSERT INTO Caterer_Menu_Mapping(caterer_menu_mapping_id, item_id, caterer_id) VALUES(23, 23, 1);
INSERT INTO Caterer_Menu_Mapping(caterer_menu_mapping_id, item_id, caterer_id) VALUES(24, 24, 1);
INSERT INTO Caterer_Menu_Mapping(caterer_menu_mapping_id, item_id, caterer_id) VALUES(25, 25, 1);
INSERT INTO Caterer_Menu_Mapping(caterer_menu_mapping_id, item_id, caterer_id) VALUES(26, 26, 1);
INSERT INTO Caterer_Menu_Mapping(caterer_menu_mapping_id, item_id, caterer_id) VALUES(27, 27, 1);
INSERT INTO Caterer_Menu_Mapping(caterer_menu_mapping_id, item_id, caterer_id) VALUES(28, 28, 1);
INSERT INTO Caterer_Menu_Mapping(caterer_menu_mapping_id, item_id, caterer_id) VALUES(29, 29, 1);
INSERT INTO Caterer_Menu_Mapping(caterer_menu_mapping_id, item_id, caterer_id) VALUES(30, 30, 1);
INSERT INTO Caterer_Menu_Mapping(caterer_menu_mapping_id, item_id, caterer_id) VALUES(31, 31, 1);
INSERT INTO Caterer_Menu_Mapping(caterer_menu_mapping_id, item_id, caterer_id) VALUES(32, 32, 1);
INSERT INTO Caterer_Menu_Mapping(caterer_menu_mapping_id, item_id, caterer_id) VALUES(33, 33, 1);
INSERT INTO Caterer_Menu_Mapping(caterer_menu_mapping_id, item_id, caterer_id) VALUES(34, 34, 1);
INSERT INTO Caterer_Menu_Mapping(caterer_menu_mapping_id, item_id, caterer_id) VALUES(35, 35, 1);
INSERT INTO Caterer_Menu_Mapping(caterer_menu_mapping_id, item_id, caterer_id) VALUES(36, 36, 1);
INSERT INTO Caterer_Menu_Mapping(caterer_menu_mapping_id, item_id, caterer_id) VALUES(37, 37, 1);
INSERT INTO Caterer_Menu_Mapping(caterer_menu_mapping_id, item_id, caterer_id) VALUES(38, 38, 1);
INSERT INTO Caterer_Menu_Mapping(caterer_menu_mapping_id, item_id, caterer_id) VALUES(39, 39, 1);
INSERT INTO Caterer_Menu_Mapping(caterer_menu_mapping_id, item_id, caterer_id) VALUES(40, 40, 1);
INSERT INTO Caterer_Menu_Mapping(caterer_menu_mapping_id, item_id, caterer_id) VALUES(41, 41, 1);
INSERT INTO Caterer_Menu_Mapping(caterer_menu_mapping_id, item_id, caterer_id) VALUES(42, 42, 1);
INSERT INTO Caterer_Menu_Mapping(caterer_menu_mapping_id, item_id, caterer_id) VALUES(43, 43, 1);
INSERT INTO Caterer_Menu_Mapping(caterer_menu_mapping_id, item_id, caterer_id) VALUES(44, 44, 1);
INSERT INTO Caterer_Menu_Mapping(caterer_menu_mapping_id, item_id, caterer_id) VALUES(45, 45, 1);
INSERT INTO Caterer_Menu_Mapping(caterer_menu_mapping_id, item_id, caterer_id) VALUES(46, 46, 1);
INSERT INTO Caterer_Menu_Mapping(caterer_menu_mapping_id, item_id, caterer_id) VALUES(47, 47, 1);
INSERT INTO Caterer_Menu_Mapping(caterer_menu_mapping_id, item_id, caterer_id) VALUES(48, 48, 1);
INSERT INTO Caterer_Menu_Mapping(caterer_menu_mapping_id, item_id, caterer_id) VALUES(49, 49, 1);
INSERT INTO Caterer_Menu_Mapping(caterer_menu_mapping_id, item_id, caterer_id) VALUES(50, 50, 1);
INSERT INTO Caterer_Menu_Mapping(caterer_menu_mapping_id, item_id, caterer_id) VALUES(51, 51, 1);
INSERT INTO Caterer_Menu_Mapping(caterer_menu_mapping_id, item_id, caterer_id) VALUES(52, 52, 1);
INSERT INTO Caterer_Menu_Mapping(caterer_menu_mapping_id, item_id, caterer_id) VALUES(53, 53, 1);
INSERT INTO Caterer_Menu_Mapping(caterer_menu_mapping_id, item_id, caterer_id) VALUES(54, 54, 1);
INSERT INTO Caterer_Menu_Mapping(caterer_menu_mapping_id, item_id, caterer_id) VALUES(55, 55, 1);
INSERT INTO Caterer_Menu_Mapping(caterer_menu_mapping_id, item_id, caterer_id) VALUES(56, 56, 1);
INSERT INTO Caterer_Menu_Mapping(caterer_menu_mapping_id, item_id, caterer_id) VALUES(57, 57, 1);
INSERT INTO Caterer_Menu_Mapping(caterer_menu_mapping_id, item_id, caterer_id) VALUES(58, 58, 1);
INSERT INTO Caterer_Menu_Mapping(caterer_menu_mapping_id, item_id, caterer_id) VALUES(59, 59, 1);
INSERT INTO Caterer_Menu_Mapping(caterer_menu_mapping_id, item_id, caterer_id) VALUES(60, 60, 1);
INSERT INTO Caterer_Menu_Mapping(caterer_menu_mapping_id, item_id, caterer_id) VALUES(61, 61, 1);
INSERT INTO Caterer_Menu_Mapping(caterer_menu_mapping_id, item_id, caterer_id) VALUES(62, 62, 1);
INSERT INTO Caterer_Menu_Mapping(caterer_menu_mapping_id, item_id, caterer_id) VALUES(63, 63, 1);
INSERT INTO Caterer_Menu_Mapping(caterer_menu_mapping_id, item_id, caterer_id) VALUES(64, 64, 1);
INSERT INTO Caterer_Menu_Mapping(caterer_menu_mapping_id, item_id, caterer_id) VALUES(65, 65, 1);
INSERT INTO Caterer_Menu_Mapping(caterer_menu_mapping_id, item_id, caterer_id) VALUES(66, 66, 1);
INSERT INTO Caterer_Menu_Mapping(caterer_menu_mapping_id, item_id, caterer_id) VALUES(67, 67, 1);
INSERT INTO Caterer_Menu_Mapping(caterer_menu_mapping_id, item_id, caterer_id) VALUES(68, 68, 1);
INSERT INTO Caterer_Menu_Mapping(caterer_menu_mapping_id, item_id, caterer_id) VALUES(69, 69, 1);
INSERT INTO Caterer_Menu_Mapping(caterer_menu_mapping_id, item_id, caterer_id) VALUES(70, 10, 1);
INSERT INTO Caterer_Menu_Mapping(caterer_menu_mapping_id, item_id, caterer_id) VALUES(71, 71, 1);
INSERT INTO Caterer_Menu_Mapping(caterer_menu_mapping_id, item_id, caterer_id) VALUES(72, 72, 1);
INSERT INTO Caterer_Menu_Mapping(caterer_menu_mapping_id, item_id, caterer_id) VALUES(73, 73, 1);
INSERT INTO Caterer_Menu_Mapping(caterer_menu_mapping_id, item_id, caterer_id) VALUES(74, 74, 1);
INSERT INTO Caterer_Menu_Mapping(caterer_menu_mapping_id, item_id, caterer_id) VALUES(75, 75, 1);
INSERT INTO Caterer_Menu_Mapping(caterer_menu_mapping_id, item_id, caterer_id) VALUES(76, 76, 1);
INSERT INTO Caterer_Menu_Mapping(caterer_menu_mapping_id, item_id, caterer_id) VALUES(77, 77, 1);
INSERT INTO Caterer_Menu_Mapping(caterer_menu_mapping_id, item_id, caterer_id) VALUES(78, 78, 1);
INSERT INTO Caterer_Menu_Mapping(caterer_menu_mapping_id, item_id, caterer_id) VALUES(79, 79, 1);
INSERT INTO Caterer_Menu_Mapping(caterer_menu_mapping_id, item_id, caterer_id) VALUES(80, 80, 1);
INSERT INTO Caterer_Menu_Mapping(caterer_menu_mapping_id, item_id, caterer_id) VALUES(81, 81, 1);
INSERT INTO Caterer_Menu_Mapping(caterer_menu_mapping_id, item_id, caterer_id) VALUES(82, 82, 1);
INSERT INTO Caterer_Menu_Mapping(caterer_menu_mapping_id, item_id, caterer_id) VALUES(83, 83, 1);
INSERT INTO Caterer_Menu_Mapping(caterer_menu_mapping_id, item_id, caterer_id) VALUES(84, 84, 1);
INSERT INTO Caterer_Menu_Mapping(caterer_menu_mapping_id, item_id, caterer_id) VALUES(85, 85, 1);
INSERT INTO Caterer_Menu_Mapping(caterer_menu_mapping_id, item_id, caterer_id) VALUES(86, 86, 1);
INSERT INTO Caterer_Menu_Mapping(caterer_menu_mapping_id, item_id, caterer_id) VALUES(87, 87, 1);
INSERT INTO Caterer_Menu_Mapping(caterer_menu_mapping_id, item_id, caterer_id) VALUES(88, 88, 1);
INSERT INTO Caterer_Menu_Mapping(caterer_menu_mapping_id, item_id, caterer_id) VALUES(89, 89, 1);
INSERT INTO Caterer_Menu_Mapping(caterer_menu_mapping_id, item_id, caterer_id) VALUES(90, 90, 1);
INSERT INTO Caterer_Menu_Mapping(caterer_menu_mapping_id, item_id, caterer_id) VALUES(91, 91, 1);
INSERT INTO Caterer_Menu_Mapping(caterer_menu_mapping_id, item_id, caterer_id) VALUES(92, 92, 1);
INSERT INTO Caterer_Menu_Mapping(caterer_menu_mapping_id, item_id, caterer_id) VALUES(93, 93, 1);
INSERT INTO Caterer_Menu_Mapping(caterer_menu_mapping_id, item_id, caterer_id) VALUES(94, 94, 1);
INSERT INTO Caterer_Menu_Mapping(caterer_menu_mapping_id, item_id, caterer_id) VALUES(95, 95, 1);
INSERT INTO Caterer_Menu_Mapping(caterer_menu_mapping_id, item_id, caterer_id) VALUES(96, 96, 1);
INSERT INTO Caterer_Menu_Mapping(caterer_menu_mapping_id, item_id, caterer_id) VALUES(97, 97, 1);
INSERT INTO Caterer_Menu_Mapping(caterer_menu_mapping_id, item_id, caterer_id) VALUES(98, 98, 1);
INSERT INTO Caterer_Menu_Mapping(caterer_menu_mapping_id, item_id, caterer_id) VALUES(99, 99, 1);
INSERT INTO Caterer_Menu_Mapping(caterer_menu_mapping_id, item_id, caterer_id) VALUES(100, 100, 1);
INSERT INTO Caterer_Menu_Mapping(caterer_menu_mapping_id, item_id, caterer_id) VALUES(101, 101, 1);
INSERT INTO Caterer_Menu_Mapping(caterer_menu_mapping_id, item_id, caterer_id) VALUES(102, 102, 1);
INSERT INTO Caterer_Menu_Mapping(caterer_menu_mapping_id, item_id, caterer_id) VALUES(103, 103, 1);
INSERT INTO Caterer_Menu_Mapping(caterer_menu_mapping_id, item_id, caterer_id) VALUES(104, 104, 1);
INSERT INTO Caterer_Menu_Mapping(caterer_menu_mapping_id, item_id, caterer_id) VALUES(105, 105, 1);
INSERT INTO Caterer_Menu_Mapping(caterer_menu_mapping_id, item_id, caterer_id) VALUES(106, 106, 1);
INSERT INTO Caterer_Menu_Mapping(caterer_menu_mapping_id, item_id, caterer_id) VALUES(107, 107, 1);
INSERT INTO Caterer_Menu_Mapping(caterer_menu_mapping_id, item_id, caterer_id) VALUES(108, 108, 1);
INSERT INTO Caterer_Menu_Mapping(caterer_menu_mapping_id, item_id, caterer_id) VALUES(109, 109, 1);
INSERT INTO Caterer_Menu_Mapping(caterer_menu_mapping_id, item_id, caterer_id) VALUES(110, 110, 1);
INSERT INTO Caterer_Menu_Mapping(caterer_menu_mapping_id, item_id, caterer_id) VALUES(111, 111, 1);
INSERT INTO Caterer_Menu_Mapping(caterer_menu_mapping_id, item_id, caterer_id) VALUES(112, 112, 1);
INSERT INTO Caterer_Menu_Mapping(caterer_menu_mapping_id, item_id, caterer_id) VALUES(113, 113, 1);
INSERT INTO Caterer_Menu_Mapping(caterer_menu_mapping_id, item_id, caterer_id) VALUES(114, 114, 1);
INSERT INTO Caterer_Menu_Mapping(caterer_menu_mapping_id, item_id, caterer_id) VALUES(115, 115, 1);
INSERT INTO Caterer_Menu_Mapping(caterer_menu_mapping_id, item_id, caterer_id) VALUES(116, 116, 1);
INSERT INTO Caterer_Menu_Mapping(caterer_menu_mapping_id, item_id, caterer_id) VALUES(117, 117, 1);
INSERT INTO Caterer_Menu_Mapping(caterer_menu_mapping_id, item_id, caterer_id) VALUES(118, 118, 1);
INSERT INTO Caterer_Menu_Mapping(caterer_menu_mapping_id, item_id, caterer_id) VALUES(119, 119, 1);
INSERT INTO Caterer_Menu_Mapping(caterer_menu_mapping_id, item_id, caterer_id) VALUES(120, 120, 1);
INSERT INTO Caterer_Menu_Mapping(caterer_menu_mapping_id, item_id, caterer_id) VALUES(121, 121, 1);
INSERT INTO Caterer_Menu_Mapping(caterer_menu_mapping_id, item_id, caterer_id) VALUES(122, 122, 1);
INSERT INTO Caterer_Menu_Mapping(caterer_menu_mapping_id, item_id, caterer_id) VALUES(123, 123, 1);
INSERT INTO Caterer_Menu_Mapping(caterer_menu_mapping_id, item_id, caterer_id) VALUES(124, 124, 1);
INSERT INTO Caterer_Menu_Mapping(caterer_menu_mapping_id, item_id, caterer_id) VALUES(125, 125, 1);
INSERT INTO Caterer_Menu_Mapping(caterer_menu_mapping_id, item_id, caterer_id) VALUES(126, 126, 1);
INSERT INTO Caterer_Menu_Mapping(caterer_menu_mapping_id, item_id, caterer_id) VALUES(127, 127, 1);
INSERT INTO Caterer_Menu_Mapping(caterer_menu_mapping_id, item_id, caterer_id) VALUES(128, 128, 1);
INSERT INTO Caterer_Menu_Mapping(caterer_menu_mapping_id, item_id, caterer_id) VALUES(129, 129, 1);
INSERT INTO Caterer_Menu_Mapping(caterer_menu_mapping_id, item_id, caterer_id) VALUES(130, 130, 1);


----------------------------------------
--INSERT SCRIPTS FOR DAILY_MENU  TABLE--
----------------------------------------
INSERT INTO Daily_Menu(daily_menu_id, caterer_id, menu_date) VALUES (1, 1, SYSDATE);


-----------------------------------------------
--INSERT SCRIPTS FOR DAILY_MENU_MAPPING TABLE--
-----------------------------------------------
INSERT INTO Daily_Menu_Mapping(daily_menu_mapping_id, item_id, daily_menu_id) VALUES (1, 1, 1);
INSERT INTO Daily_Menu_Mapping(daily_menu_mapping_id, item_id, daily_menu_id) VALUES (2, 2, 1);
INSERT INTO Daily_Menu_Mapping(daily_menu_mapping_id, item_id, daily_menu_id) VALUES (3, 3, 1);
INSERT INTO Daily_Menu_Mapping(daily_menu_mapping_id, item_id, daily_menu_id) VALUES (4, 4, 1);
INSERT INTO Daily_Menu_Mapping(daily_menu_mapping_id, item_id, daily_menu_id) VALUES (5, 5, 1);
INSERT INTO Daily_Menu_Mapping(daily_menu_mapping_id, item_id, daily_menu_id) VALUES (6, 6, 1);
INSERT INTO Daily_Menu_Mapping(daily_menu_mapping_id, item_id, daily_menu_id) VALUES (7, 7, 1);
INSERT INTO Daily_Menu_Mapping(daily_menu_mapping_id, item_id, daily_menu_id) VALUES (8, 8, 1);
INSERT INTO Daily_Menu_Mapping(daily_menu_mapping_id, item_id, daily_menu_id) VALUES (9, 9, 1);
INSERT INTO Daily_Menu_Mapping(daily_menu_mapping_id, item_id, daily_menu_id) VALUES (10, 10, 1);
INSERT INTO Daily_Menu_Mapping(daily_menu_mapping_id, item_id, daily_menu_id) VALUES (11, 11, 1);
INSERT INTO Daily_Menu_Mapping(daily_menu_mapping_id, item_id, daily_menu_id) VALUES (12, 12, 1);
INSERT INTO Daily_Menu_Mapping(daily_menu_mapping_id, item_id, daily_menu_id) VALUES (13, 13, 1);
INSERT INTO Daily_Menu_Mapping(daily_menu_mapping_id, item_id, daily_menu_id) VALUES (14, 14, 1);
INSERT INTO Daily_Menu_Mapping(daily_menu_mapping_id, item_id, daily_menu_id) VALUES (15, 15, 1);
INSERT INTO Daily_Menu_Mapping(daily_menu_mapping_id, item_id, daily_menu_id) VALUES (16, 16, 1);
INSERT INTO Daily_Menu_Mapping(daily_menu_mapping_id, item_id, daily_menu_id) VALUES (17, 19, 1);
INSERT INTO Daily_Menu_Mapping(daily_menu_mapping_id, item_id, daily_menu_id) VALUES (18, 20, 1);
INSERT INTO Daily_Menu_Mapping(daily_menu_mapping_id, item_id, daily_menu_id) VALUES (19, 21, 1);
INSERT INTO Daily_Menu_Mapping(daily_menu_mapping_id, item_id, daily_menu_id) VALUES (20, 22, 1);
INSERT INTO Daily_Menu_Mapping(daily_menu_mapping_id, item_id, daily_menu_id) VALUES (21, 23, 1);
INSERT INTO Daily_Menu_Mapping(daily_menu_mapping_id, item_id, daily_menu_id) VALUES (22, 24, 1);
INSERT INTO Daily_Menu_Mapping(daily_menu_mapping_id, item_id, daily_menu_id) VALUES (23, 25, 1);
INSERT INTO Daily_Menu_Mapping(daily_menu_mapping_id, item_id, daily_menu_id) VALUES (24, 26, 1);
INSERT INTO Daily_Menu_Mapping(daily_menu_mapping_id, item_id, daily_menu_id) VALUES (25, 27, 1);
INSERT INTO Daily_Menu_Mapping(daily_menu_mapping_id, item_id, daily_menu_id) VALUES (26, 32, 1);
INSERT INTO Daily_Menu_Mapping(daily_menu_mapping_id, item_id, daily_menu_id) VALUES (27, 38, 1);
INSERT INTO Daily_Menu_Mapping(daily_menu_mapping_id, item_id, daily_menu_id) VALUES (28, 46, 1);
INSERT INTO Daily_Menu_Mapping(daily_menu_mapping_id, item_id, daily_menu_id) VALUES (29, 53, 1);
INSERT INTO Daily_Menu_Mapping(daily_menu_mapping_id, item_id, daily_menu_id) VALUES (30, 62, 1);
INSERT INTO Daily_Menu_Mapping(daily_menu_mapping_id, item_id, daily_menu_id) VALUES (31, 63, 1);
INSERT INTO Daily_Menu_Mapping(daily_menu_mapping_id, item_id, daily_menu_id) VALUES (32, 64, 1);
INSERT INTO Daily_Menu_Mapping(daily_menu_mapping_id, item_id, daily_menu_id) VALUES (33, 65, 1);
INSERT INTO Daily_Menu_Mapping(daily_menu_mapping_id, item_id, daily_menu_id) VALUES (34, 66, 1);
INSERT INTO Daily_Menu_Mapping(daily_menu_mapping_id, item_id, daily_menu_id) VALUES (35, 67, 1);
INSERT INTO Daily_Menu_Mapping(daily_menu_mapping_id, item_id, daily_menu_id) VALUES (36, 68, 1);
INSERT INTO Daily_Menu_Mapping(daily_menu_mapping_id, item_id, daily_menu_id) VALUES (37, 69, 1);
INSERT INTO Daily_Menu_Mapping(daily_menu_mapping_id, item_id, daily_menu_id) VALUES (38, 70, 1);
INSERT INTO Daily_Menu_Mapping(daily_menu_mapping_id, item_id, daily_menu_id) VALUES (39, 71, 1);
INSERT INTO Daily_Menu_Mapping(daily_menu_mapping_id, item_id, daily_menu_id) VALUES (40, 72, 1);
INSERT INTO Daily_Menu_Mapping(daily_menu_mapping_id, item_id, daily_menu_id) VALUES (41, 73, 1);
INSERT INTO Daily_Menu_Mapping(daily_menu_mapping_id, item_id, daily_menu_id) VALUES (42, 74, 1);
INSERT INTO Daily_Menu_Mapping(daily_menu_mapping_id, item_id, daily_menu_id) VALUES (43, 75, 1);
INSERT INTO Daily_Menu_Mapping(daily_menu_mapping_id, item_id, daily_menu_id) VALUES (44, 76, 1);
INSERT INTO Daily_Menu_Mapping(daily_menu_mapping_id, item_id, daily_menu_id) VALUES (45, 77, 1);
INSERT INTO Daily_Menu_Mapping(daily_menu_mapping_id, item_id, daily_menu_id) VALUES (46, 78, 1);
INSERT INTO Daily_Menu_Mapping(daily_menu_mapping_id, item_id, daily_menu_id) VALUES (47, 79, 1);
INSERT INTO Daily_Menu_Mapping(daily_menu_mapping_id, item_id, daily_menu_id) VALUES (48, 80, 1);
INSERT INTO Daily_Menu_Mapping(daily_menu_mapping_id, item_id, daily_menu_id) VALUES (49, 81, 1);
INSERT INTO Daily_Menu_Mapping(daily_menu_mapping_id, item_id, daily_menu_id) VALUES (50, 82, 1);
INSERT INTO Daily_Menu_Mapping(daily_menu_mapping_id, item_id, daily_menu_id) VALUES (51, 83, 1);
INSERT INTO Daily_Menu_Mapping(daily_menu_mapping_id, item_id, daily_menu_id) VALUES (52, 84, 1);
INSERT INTO Daily_Menu_Mapping(daily_menu_mapping_id, item_id, daily_menu_id) VALUES (53, 85, 1);
INSERT INTO Daily_Menu_Mapping(daily_menu_mapping_id, item_id, daily_menu_id) VALUES (54, 86, 1);
INSERT INTO Daily_Menu_Mapping(daily_menu_mapping_id, item_id, daily_menu_id) VALUES (55, 87, 1);
INSERT INTO Daily_Menu_Mapping(daily_menu_mapping_id, item_id, daily_menu_id) VALUES (56, 88, 1);
INSERT INTO Daily_Menu_Mapping(daily_menu_mapping_id, item_id, daily_menu_id) VALUES (57, 89, 1);
INSERT INTO Daily_Menu_Mapping(daily_menu_mapping_id, item_id, daily_menu_id) VALUES (58, 90, 1);
INSERT INTO Daily_Menu_Mapping(daily_menu_mapping_id, item_id, daily_menu_id) VALUES (59, 91, 1);
INSERT INTO Daily_Menu_Mapping(daily_menu_mapping_id, item_id, daily_menu_id) VALUES (60, 92, 1);
INSERT INTO Daily_Menu_Mapping(daily_menu_mapping_id, item_id, daily_menu_id) VALUES (61, 93, 1);
INSERT INTO Daily_Menu_Mapping(daily_menu_mapping_id, item_id, daily_menu_id) VALUES (62, 94, 1);
INSERT INTO Daily_Menu_Mapping(daily_menu_mapping_id, item_id, daily_menu_id) VALUES (63, 95, 1);
INSERT INTO Daily_Menu_Mapping(daily_menu_mapping_id, item_id, daily_menu_id) VALUES (64, 96, 1);
INSERT INTO Daily_Menu_Mapping(daily_menu_mapping_id, item_id, daily_menu_id) VALUES (65, 97, 1);
INSERT INTO Daily_Menu_Mapping(daily_menu_mapping_id, item_id, daily_menu_id) VALUES (66, 98, 1);
INSERT INTO Daily_Menu_Mapping(daily_menu_mapping_id, item_id, daily_menu_id) VALUES (67, 99, 1);
INSERT INTO Daily_Menu_Mapping(daily_menu_mapping_id, item_id, daily_menu_id) VALUES (68, 100, 1);
INSERT INTO Daily_Menu_Mapping(daily_menu_mapping_id, item_id, daily_menu_id) VALUES (69, 101, 1);
INSERT INTO Daily_Menu_Mapping(daily_menu_mapping_id, item_id, daily_menu_id) VALUES (70, 102, 1);
INSERT INTO Daily_Menu_Mapping(daily_menu_mapping_id, item_id, daily_menu_id) VALUES (71, 103, 1);
INSERT INTO Daily_Menu_Mapping(daily_menu_mapping_id, item_id, daily_menu_id) VALUES (72, 104, 1);
INSERT INTO Daily_Menu_Mapping(daily_menu_mapping_id, item_id, daily_menu_id) VALUES (73, 105, 1);
INSERT INTO Daily_Menu_Mapping(daily_menu_mapping_id, item_id, daily_menu_id) VALUES (74, 107, 1);
INSERT INTO Daily_Menu_Mapping(daily_menu_mapping_id, item_id, daily_menu_id) VALUES (75, 110, 1);
INSERT INTO Daily_Menu_Mapping(daily_menu_mapping_id, item_id, daily_menu_id) VALUES (76, 111, 1);
INSERT INTO Daily_Menu_Mapping(daily_menu_mapping_id, item_id, daily_menu_id) VALUES (77, 112, 1);
INSERT INTO Daily_Menu_Mapping(daily_menu_mapping_id, item_id, daily_menu_id) VALUES (78, 113, 1);
INSERT INTO Daily_Menu_Mapping(daily_menu_mapping_id, item_id, daily_menu_id) VALUES (79, 114, 1);
INSERT INTO Daily_Menu_Mapping(daily_menu_mapping_id, item_id, daily_menu_id) VALUES (80, 115, 1);
INSERT INTO Daily_Menu_Mapping(daily_menu_mapping_id, item_id, daily_menu_id) VALUES (81, 116, 1);
INSERT INTO Daily_Menu_Mapping(daily_menu_mapping_id, item_id, daily_menu_id) VALUES (82, 117, 1);
INSERT INTO Daily_Menu_Mapping(daily_menu_mapping_id, item_id, daily_menu_id) VALUES (83, 118, 1);
INSERT INTO Daily_Menu_Mapping(daily_menu_mapping_id, item_id, daily_menu_id) VALUES (84, 119, 1);


---------------------------------
--INSERT SCRIPTS FOR USER TABLE--
---------------------------------
INSERT INTO User(user_id, login_id, password, email_id, account_creation_date) VALUES (1, 'tarul', 'e10adc3949ba59abbe56e057f20f883e', 'tarul.yadav@mastek.com', SYSDATE);
INSERT INTO User(user_id, login_id, password, email_id, account_creation_date) VALUES (2, 'kanchan', 'e10adc3949ba59abbe56e057f20f883e', 'kanchan.thombare@mastek.com', SYSDATE);


-----------------------------------
--INSERT SCRIPTS FOR USER_DETAILS--
-----------------------------------
INSERT INTO User_Details(user_details_id, first_name, last_name, gender, date_of_birth, contact_no, extension_no, employee_id, user_id) VALUES (1, 'Tarul', 'Yadav', 'F', '1985-08-22', 9619123456, 5678, 11050, 1);
INSERT INTO User_Details(user_details_id, first_name, last_name, gender, date_of_birth, contact_no, extension_no, employee_id, user_id) VALUES (2, 'Kanchan', 'Thombare', 'M', '1985-08-22', 9619123456, 5678, 11050, 2);


---------------------------------
--INSERT SCRIPTS FOR ROLE TABLE--
---------------------------------
INSERT INTO Role(role_id, role_name) VALUES (1, 'SuperAdmin');
INSERT INTO Role(role_id, role_name) VALUES (2, 'Admin');
INSERT INTO Role(role_id, role_name) VALUES (3, 'User');


----------------------------------------------
--INSERT SCRIPTS FOR USER_ROLE_MAPPING TABLE--
----------------------------------------------
INSERT INTO User_Role_Mapping(role_id,user_id) VALUES (2,1); 
INSERT INTO User_Role_Mapping(role_id,user_id) VALUES (1,2);